NCT Number,Sponsor,Collaborators
NCT03978546,Manchester University NHS Foundation Trust,Columbia University
NCT03978546,Manchester University NHS Foundation Trust,University of Manchester
NCT03868462,Optos PLC,
NCT02338362,University Health Network Toronto,
NCT03921372,Augenabteilung Allgemeines Krankenhaus Linz,
NCT01912638,National Centre of Ophthalmology named after academician Zarifa Aliyeva,Aeon Astron Europe B.V.
NCT03756662,Implandata Ophthalmic Products GmbH,CRO Dr. med. Kottmann GmbH & Co. KG
NCT00140062,Pfizer,
NCT00913562,Medical University of Vienna,
NCT02384772,ForSight Vision5 Inc.,
NCT01180062,Daniel Moore,Pfizer
NCT00956462,University Health Network Toronto,
NCT01363362,Technische Universität Dresden,
NCT02028572,Vasan Eye Care Hospital,
NCT03691662,Santen Inc.,
NCT01348672,University of Toronto,Ontario Research Fund
NCT00533962,Federal University of São Paulo,Alcon Research
NCT04019210,Assiut University,
NCT05532410,Optos PLC,
NCT04912310,Second Affiliated Hospital School of Medicine Zhejiang University,
NCT03797846,Medical University of Bialystok,
NCT00750646,Robin Alan L. M.D.,Alcon Research
NCT01282346,SOLX Inc.,
NCT03318146,Shaare Zedek Medical Center,
NCT01637246,Allergan,
NCT03267862,Johns Hopkins University,
NCT05147610,University Hospital Clermont-Ferrand,
NCT01895972,Bausch & Lomb Incorporated,
NCT00892762,Alcon Research,
NCT00332072,Allergan,
NCT02312362,Oertli Instrumente AG,University of Geneva Switzerland
NCT00788762,Aristotle University Of Thessaloniki,
NCT01781962,Allergan,
NCT03094910,Herlev Hospital,
NCT04202510,Wills Eye,Tanta Medical School Tanta University
NCT00345046,Indiana University School of Medicine,
NCT05275738,Umeå University,Centre for Eye Research Australia
NCT05275738,Umeå University,Karolinska Institutet
NCT05275738,Umeå University,Singapore National Eye Centre
NCT05275738,Umeå University,Duke-NUS Graduate Medical School
NCT05275738,Umeå University,University of Melbourne
NCT05275738,Umeå University,University of Adelaide
NCT05275738,Umeå University,Lund University
NCT05275738,Umeå University,Linkoeping University
NCT05275738,Umeå University,Göteborg University
NCT05392738,Clínica Rementería,
NCT02279472,Second Xiangya Hospital of Central South University,
NCT02865473,Medical University of Vienna,
NCT05207761,Chong Kun Dang Pharmaceutical,
NCT01667861,Henny Beckers,Stichting Glaucoomfonds
NCT01206361,Pfizer's Upjohn has merged with Mylan to form Viatris Inc.,
NCT04552964,Laboratoires Thea,
NCT01068964,Allergan,
NCT02825264,iSTAR Medical,
NCT01741961,Technische Universität Dresden,
NCT00802061,University Health Network Toronto,
NCT01306461,Santen Oy,
NCT00825864,Sheba Medical Center,
NCT04647461,CHA University,Hanlim Pharm. Co. Ltd.
NCT00001161,National Eye Institute (NEI),
NCT01157364,Allergan,
NCT05495061,Santen Pharmaceutical Co. Ltd.,
NCT01310764,Rassoul Akram Hospital,
NCT00853073,Wills Eye,
NCT04616573,Sight Sciences Inc.,
NCT02246764,Aerie Pharmaceuticals,
NCT00443664,National University Hospital Singapore,
NCT02024464,Ivantis Inc.,
NCT04722861,Zhongshan Ophthalmic Center Sun Yat-sen University,
NCT01426464,Nanduri Padma M.D. FACS,
NCT05696561,New World Medical Inc.,
NCT03270761,Sun Yat-sen University,ICE study group
NCT02138461,MDbackline LLC,Allergan
NCT00971061,Vanak Eye Surgery Center,
NCT01092273,Cairo University,
NCT01212861,iScience Interventional Corporation,
NCT01263561,University of Toronto,
NCT05289453,Hany Mahmoud,
NCT04735653,University of Michigan,National Eye Institute (NEI)
NCT00628173,Shahid Beheshti University of Medical Sciences,
NCT01863953,Allergan,
NCT01994564,Massachusetts Eye and Ear Infirmary,
NCT01028664,Sensimed AG,Clinique de Montchoisi Lausanne Switzerland
NCT06152861,Glaukos Corporation,
NCT00811564,Allergan,
NCT04098861,Universiti Kebangsaan Malaysia Medical Centre,
NCT01714960,Merz Pharmaceuticals GmbH,
NCT02796560,Université de Sherbrooke,
NCT01192061,Military Institute of Medicine National Research Institute,Polish Academy of Sciences
NCT01192061,Military Institute of Medicine National Research Institute,Indiana University School of Medicine
NCT01192061,Military Institute of Medicine National Research Institute,Medical University of Warsaw
NCT05080153,Devogelaere Vision,
NCT03284853,Aerie Pharmaceuticals,
NCT00519753,Alcon Research,
NCT01467453,University of Zurich,
NCT01814761,Allergan,
NCT05401760,Mansoura University,
NCT03374553,iSTAR Medical,
NCT03966560,Afyon Kocatepe University Hospital,
NCT04723160,Visionary Intelligence Ltd.,Beijing Municipal Science & Technology Commission
NCT04723160,Visionary Intelligence Ltd.,Peking University First Hospital
NCT02140060,Alcon Research,
NCT00763061,Alcon Research,
NCT00159653,Pfizer's Upjohn has merged with Mylan to form Viatris Inc.,
NCT06077253,University of Aarhus,
NCT04454138,Prism Eye Institute,Allergan
NCT01059162,IOPtima Ltd.,
NCT06017362,Barbara Burgos Blasco,
NCT04202562,Hospital San Carlos Madrid,
NCT04437446,Fondation Hôpital Saint-Joseph,
NCT03752710,Tianjin Medical University Eye Hospital,
NCT00578110,Synabridge Corporation,Yale University
NCT00578110,Synabridge Corporation,University of Alabama at Birmingham
NCT00578110,Synabridge Corporation,University of Tennessee
NCT02051946,Molly Walsh,
NCT02371746,Envisia Therapeutics,
NCT00545064,Merck Sharp & Dohme LLC,
NCT00283764,Pfizer's Upjohn has merged with Mylan to form Viatris Inc.,
NCT04274764,University of Michigan,Centers for Disease Control and Prevention
NCT04476810,Ahmed Al Habash,
NCT01194310,University of Zurich,
NCT00293761,Alcon Research,
NCT04317573,National University Health System Singapore,
NCT02565173,Inotek Pharmaceuticals Corporation,
NCT01404364,Hospital Governador Celso Ramos,
NCT04334564,Zhongshan Ophthalmic Center Sun Yat-sen University,
NCT03323164,Wills Eye,Optovue
NCT00947661,Sun Pharma Advanced Research Company Limited,
NCT01304264,Lithuanian University of Health Sciences,Indiana University School of Medicine
NCT01304264,Lithuanian University of Health Sciences,Merck Sharp & Dohme LLC
NCT04155164,Zhongshan Ophthalmic Center Sun Yat-sen University,
NCT01652664,Alcon Research,
NCT02114073,Mashhad University of Medical Sciences,
NCT01791673,EyeTechCare,
NCT00815373,Meir Medical Center,
NCT00470964,Goldschleger Eye Institute,
NCT04736264,Universiti Sains Malaysia,Ministry of Health Malaysia|
NCT04736264,Universiti Sains Malaysia,Universiti Teknologi Mara
NCT04465864,Wolstan and Goldberg Eye Associates,
NCT01699464,Aerie Pharmaceuticals,
NCT02636946,Allergan,
NCT01542710,Kasr El Aini Hospital,
NCT03318510,Augenabteilung Allgemeines Krankenhaus Linz,
NCT01589510,Allergan,
NCT04912362,Second Affiliated Hospital School of Medicine Zhejiang University,
NCT01229462,Allergan,
NCT02981446,Santen Pharmaceutical Co. Ltd.,
NCT05181046,Nanodropper Inc.,Aravind Eye Care System
NCT03891446,AbbVie,
NCT02544646,Medical University of Vienna,
NCT03808688,Aerie Pharmaceuticals,
NCT01068938,University Hospital Tuebingen,Pfizer
NCT03310788,St. Erik Eye Hospital,
NCT00727038,University of Illinois at Chicago,Genentech Inc.
NCT00844389,Universidad de Valparaiso,Comisión Nacional de Investigación Científica y Tecnológica
NCT01401088,Aurolab,
NCT01467388,University of Zurich,
NCT01252888,Glaukos Corporation,
NCT04891588,Klinički Bolnički Centar Zagreb,University of Zagreb
NCT01841450,Glaukos Corporation,
NCT00811850,Allergan,
NCT03067415,Chong Kun Dang Pharmaceutical,
NCT04188015,Annexon Inc.,
NCT02085850,Tema Christian Eye Center,
NCT05484050,Hassan Lotfy Fahmy,
NCT02537015,ForSight Vision5 Inc.,
NCT05797350,Al Watany Eye Hospital,Moorfields Eye Hospital Centre Abu Dhabi
NCT01253902,Allergan,
NCT05201378,Fondation Hôpital Saint-Joseph,
NCT01084902,Peking University First Hospital,
NCT04011878,Assiut University,
NCT02209077,Heidelberg Engineering GmbH,
NCT02622178,Wills Eye,
NCT00572455,Pfizer,
NCT02571712,Allergan,
NCT01997255,Baylor College of Medicine,Novartis Pharmaceuticals
NCT01453855,Alcon Research,
NCT01027312,Wills Eye,Pfizer
NCT04683055,Assiut University,
NCT01881425,InnFocus Inc.,
NCT01495312,University of California San Diego,
NCT00595855,University of Parma,
NCT02001155,Wills Eye,
NCT04484155,Sanoculis Ltd,
NCT00051155,Alcon Research,
NCT05230355,Assiut University,
NCT01487655,Universitaire Ziekenhuizen KU Leuven,
NCT00442312,Genovate Biotechnology Co. Ltd.,Allergan Medical
NCT01592955,EyeTechCare,
NCT02691455,Robert Feldman,
NCT00273455,Pharmaceutical Research Network,
NCT03760055,NGoggle,National Eye Institute (NEI)
NCT03760055,NGoggle,Duke University
NCT05127525,iRenix Medical Inc.,
NCT01425112,Sudhalkar Eye Hospital,
NCT04949555,Sohag University,
NCT03736655,Ciliatech,
NCT03154892,Second Affiliated Hospital of Xi'an Jiaotong University,
NCT01156012,Laboratoires Thea,
NCT00571012,Mayo Clinic,
NCT02157025,Nova Southeastern University,
NCT01383525,BelkinVision,Horizon 2020 - European Commission
NCT01179555,Wills Eye,Thomas Jefferson University
NCT01179555,Wills Eye,Temple University
NCT01828255,Sensimed AG,
NCT00333125,Alcon Research,
NCT03761992,Robert Ritch MD LLC.,
NCT01937312,Alcon Research,
NCT00822055,Allergan,
NCT02376725,Singapore National Eye Centre,Singapore Eye Research Institute
NCT02376725,Singapore National Eye Centre,National Medical Research Council (NMRC) Singapore
NCT01544192,Bagcilar Training and Research Hospital,
NCT01753492,Maastricht University Medical Center,Aeon Astron Europe B.V.
NCT02434692,Implandata Ophthalmic Products GmbH,
NCT00941525,Aristotle University Of Thessaloniki,
NCT04335825,Medical University of Bialystok,
NCT00313092,Selim Orguel,University Hospital Basel Switzerland
NCT00000122,National Eye Institute (NEI),
NCT03646500,Queen's University,
NCT05968547,Manchester University NHS Foundation Trust,
NCT01485822,Alcon Research,
NCT03690622,Beirut Eye Specialist Hospital,
NCT00695747,Lahey Clinic,
NCT01938287,Sensimed AG,
NCT04321122,Zhongshan Ophthalmic Center Sun Yat-sen University,
NCT00991822,Medical University of Vienna,
NCT00430287,Wills Eye,Merck Sharp & Dohme LLC
NCT00906087,University of Michigan,Merck Sharp & Dohme LLC
NCT04639947,Duke University,
NCT01004900,Singapore Eye Research Institute,
NCT05335122,Ocular Therapeutix Inc.,
NCT00293787,Alcon Research,
NCT03204487,Ordination Dr. Hommer,
NCT05892185,Mingche Biotechnology CO. LTD,
NCT04949347,Siriraj Hospital,
NCT03996200,iSTAR Medical,
NCT00454922,University of Colorado Denver,
NCT02003547,Amakem NV,
NCT05366647,Medical University of Bialystok,Medical University of Lublin
NCT01391247,Universitaire Ziekenhuizen KU Leuven,
NCT00744666,Hotel Dieu Hospital,Sunnybrook Health Sciences Centre
NCT01704248,Mahidol University,
NCT01372319,University Hospital Tuebingen,Pfizer
NCT02438319,University of Zurich,Swiss Federal Institute of Technology
NCT03166566,Federal University of Minas Gerais,
NCT00383019,Pfizer's Upjohn has merged with Mylan to form Viatris Inc.,
NCT01742819,University of California Los Angeles,National Eye Institute (NEI)
NCT05529966,Stanford University,Alcon Vision
NCT01345448,Nanduri Padma M.D. FACS,
NCT02030886,Sensimed AG,Yale University
NCT01265719,Pfizer's Upjohn has merged with Mylan to form Viatris Inc.,
NCT02097719,Allergan,
NCT01645319,Agency for Healthcare Research and Quality (AHRQ),Jules Stein Eye Institute
NCT01645319,Agency for Healthcare Research and Quality (AHRQ),American Academy of Ophthalmology
NCT04872348,Sight Sciences Inc.,
NCT04903366,VA Northern California Health Care System,
NCT04981886,Salus University,
NCT04499248,AbbVie,
NCT01122966,Samsung Medical Center,
NCT02772666,Mashhad University of Medical Sciences,
NCT00288951,Alcon Research,
NCT03960866,Ocuphire Pharma Inc.,
NCT00672048,Duke University,University of Alabama at Birmingham
NCT00465348,University Hospital Basel Switzerland,
NCT03541551,L.V. Prasad Eye Institute,
NCT03421548,Centre hospitalier de l'Université de Montréal (CHUM),Implandata Ophthalmic Products GmbH
NCT02410148,Kantonsspital Aarau,
NCT01484951,Alcon Research,
NCT01481051,Mati Therapeutics Inc.,
NCT00347451,Singapore National Eye Centre,
NCT02770248,Alcon Research,
NCT00546286,Merck Sharp & Dohme LLC,
NCT04844619,Sun Yat-sen University,
NCT05821855,AbbVie,
NCT00872651,Alcon Research,
NCT03782051,Zagazig University,
NCT05280366,New World Medical Inc.,
NCT00000148,National Eye Institute (NEI),
NCT05344651,Oogziekenhuis Rotterdam,
NCT02250651,Allergan,
NCT01630551,University of Illinois at Chicago,American Glaucoma Society
NCT03293251,Assiut University,The Queen Elizabeth Hospital
NCT02767219,Moorfields Eye Hospital NHS Foundation Trust,
NCT00649766,National Eye Institute (NEI),
NCT00809848,Allergan,
NCT05014386,Mansoura University,
NCT01055366,Alcon Research,
NCT01284166,Allergan,
NCT00486486,Aristotle University Of Thessaloniki,
NCT04519619,Bayer,
NCT01788319,Universitaire Ziekenhuizen KU Leuven,
NCT00005919,National Eye Institute (NEI),
NCT01670266,Ono Pharma USA Inc,
NCT02681419,The University of Texas Health Science Center Houston,Robert Cizik Eye Clinic
NCT05333419,PolyActiva Pty Ltd,
NCT04445519,Nicox Ophthalmics Inc.,
NCT04970251,Siriraj Hospital,
NCT00326066,Glaukos Corporation,
NCT00804648,Vistakon Pharmaceuticals,
NCT05175651,Scripps Translational Science Institute,Illumina Inc.
NCT05175651,Scripps Translational Science Institute,Optum Inc
NCT05175651,Scripps Translational Science Institute,Quest Diagnostics-Nichols Insitute
NCT03675412,Wills Eye,
NCT06057051,Glaukos Corporation,
NCT01646151,Allergan,
NCT03325751,Insel Gruppe AG University Hospital Bern,University of Bern
NCT05127551,Glaukos Corporation,
NCT01999348,Allergan,
NCT05163951,Sun Yat-sen University,The Second Affiliated Hospital of Harbin Medical University
NCT05163951,Sun Yat-sen University,First Hospital of Shijiazhuang City
NCT05163951,Sun Yat-sen University,West China Hospital
NCT05163951,Sun Yat-sen University,People's Hospital of Chongqing
NCT05163951,Sun Yat-sen University,Chongqing Medical University
NCT05163951,Sun Yat-sen University,Handan City Eye Hospital|
NCT04200651,The New York Eye Surgery Center,Ocular Therapeutix Inc.
NCT01440751,Aeon Astron Europe B.V.,Robert Ritch MD LLC.
NCT01440751,Aeon Astron Europe B.V.,The New York Eye & Ear Infirmary
NCT01155219,Laboratoires Thea,
NCT03250819,Maastricht University Medical Center,
NCT00429819,University Hospital Basel Switzerland,
NCT04741919,Sunnybrook Health Sciences Centre,
NCT02260219,Asociación para Evitar la Ceguera en México,
NCT00069719,Alcon Research,
NCT04517786,iSTAR Medical,International Drug Development Institute
NCT03519386,Glaukos Corporation,
NCT03034486,Chong Kun Dang Pharmaceutical,
NCT00761319,Alcon Research,
NCT01215786,Allergan,
NCT03634319,MicroOptx,
NCT05916066,Umeå University,
NCT01271686,University of California San Diego,
NCT03369886,Pusan National University Hospital,
NCT05351307,Sohag University,
NCT01279083,Santen Inc.,
NCT03682783,Shanghai General Hospital,
NCT03682783, Shanghai Jiao Tong University School of Medicine,
NCT05397600,Laboratoires Thea,
NCT02376114,Maisonneuve-Rosemont Hospital,
NCT02278614,Laboratoires Thea,
NCT04552314,Medical University of Lublin,
NCT01448837,Aristotle University Of Thessaloniki,
NCT01252914,Glaukos Corporation,
NCT05437614,University of Health Sciences Lahore,
NCT04333433,InnFocus Inc.,
NCT03193333,Laboratorios Sophia S.A de C.V.,
NCT01735214,Allergan,
NCT02911883,Optovue,
NCT02802137,Aristotle University Of Thessaloniki,
NCT01696383,Alcon Research,
NCT01721707,Adapt Produtos Oftalmológicos Ltda.,
NCT00847483,Pfizer's Upjohn has merged with Mylan to form Viatris Inc.,
NCT02406833,Isarna Therapeutics GmbH,
NCT01758237,Credit Valley EyeCare,
NCT01628614,Allergan,
NCT03648814,Prince of Songkla University,
NCT02989207,Guy's and St Thomas' NHS Foundation Trust,
NCT04328207,University of Alabama at Birmingham,Centers for Disease Control and Prevention
NCT00441883,Bausch & Lomb Incorporated,NicOx Inc.
NCT00801437,Pfizer's Upjohn has merged with Mylan to form Viatris Inc.,
NCT04519814,Carl Zeiss Meditec AG,
NCT00326014,Glaukos Corporation,
NCT03613233,Military Institute of Medicine National Research Institute,
NCT00349414,National University Hospital Singapore,
NCT01159314,Johns Hopkins University,
NCT00556114,University of California Irvine,Beckman Laser Institute University of California Irvine
NCT00338533,Vanderbilt University,
NCT05753137,China Medical University Hospital,
NCT00676637,Alcon Research,
NCT00652483,Allergan,
NCT03452033,Allysta Pharmaceutical,
NCT00434707,Aravind Medical Research Foundation,
NCT00452283,University of Colorado Denver,
NCT03896633,Bausch & Lomb Incorporated,
NCT03273907,Alcon Research,
NCT02908633,Military Institute of Medicine National Research Institute,
NCT00626067,Wills Eye,Alcon Research
NCT00990743,Sylentis S.A.,
NCT02990143,The New York Eye & Ear Infirmary,
NCT04742283,Santen Inc.,
NCT00661583,University of Colorado Denver,Genentech Inc.
NCT05857267,Laboratorios Poen,
NCT03160690,Germans Trias i Pujol Hospital,Jordi Castellví Manent
NCT03160690,Germans Trias i Pujol Hospital,Nevena Romanic Bubalo
NCT03160690,Germans Trias i Pujol Hospital,Jorge Loscos Arenas
NCT03160690,Germans Trias i Pujol Hospital,Pau Romera Romero
NCT03469297,MicroOptx,
NCT01338467,EyeTechCare,
NCT01162356,Vanderbilt University,
NCT00221897,University of California San Diego,National Eye Institute (NEI)
NCT04830397,Qlaris Bio Inc.,
NCT04485897,Luzerner Kantonsspital,
NCT05469867,CorNeat Vision Ltd.,
NCT00410267,University of Pittsburgh,
NCT04422743,IRCCS Policlinico S. Matteo,
NCT06143943,Min Ke,
NCT00672997,Alcon Research,
NCT03160690,Germans Trias i Pujol Hospital,Pau Romera Romero
NCT03160690,Germans Trias i Pujol Hospital,Jorge Loscos Arenas
NCT03160690,Germans Trias i Pujol Hospital,Nevena Romanic Bubalo
NCT03160690,Germans Trias i Pujol Hospital,Jordi Castellví Manent
NCT01266343,Taipei Medical University WanFang Hospital,
NCT02490267,Moorfields Eye Hospital NHS Foundation Trust,
NCT01446497,Seoul National University Hospital,
NCT00312403,Medical University of Vienna,
NCT02792803,Dr. David Yan,Allergan
NCT00803803,Wills Eye,
NCT01640756,AqueSys Inc.,
NCT00665756,Federal University of São Paulo,
NCT05011747,Mansoura University,
NCT05340647,Oslo University Hospital,
NCT03159247,University of Michigan,Henry Ford Health System
NCT03159247,University of Michigan,Research to Prevent Blindness
NCT03159247,University of Michigan,National Eye Institute (NEI)
NCT03515187,Shenzhen Hospital of Southern Medical University,
NCT03255785,Glaukos Corporation,
NCT04624685,Glaukos Corporation,
NCT05130385,Insel Gruppe AG University Hospital Bern,
NCT05131087,New World Medical Inc.,
NCT04911387,St. Erik Eye Hospital,
NCT01123785,Inotek Pharmaceuticals Corporation,
NCT02507687,AbbVie,
NCT05685485,Washington University School of Medicine,University of Pittsburgh
NCT05685485,Washington University School of Medicine,American Glaucoma Society
NCT00477685,Pro Top & Mediking Company Limited,
NCT00626847,Wills Eye,Jefferson Medical College of Thomas Jefferson University
NCT05370287,Food and Drug Administration (FDA),University of Maryland Baltimore
NCT01853085,Allergan,
NCT04910100,Betaliq Inc.,Trial Runners LLC
NCT04910100,Betaliq Inc.,Summit Analytical LLC
NCT04743622,CHA University,Samil Pharmaceutical Co. Ltd.
NCT04646122,Assiut University,
NCT04430647,Ameera Gamal Abdelhameed,Dar Alshifa hospital Kuwait
NCT02178085,Centre Hospitalier Universitaire Amiens,
NCT03611387,Sun Yat-sen University,University of California
NCT00803387,United States Air Force,Alcon Research
NCT01273285,University of Zurich,
NCT00121147,Hermann Eye Center,Alcon Research
NCT04750447,Prism Eye Institute,Allergan
NCT01027247,Singapore National Eye Centre,
NCT03944447,OMNI Medical Services LLC,OMNI Medical Services Inc
NCT01908985,EyeTechCare,
NCT02105285,Otsuka Pharmaceutical Co. Ltd.,
NCT01930487,ScienceBased Health,
NCT01298687,Alcon Research,
NCT03657147,University of North Carolina Chapel Hill,Agency for Healthcare Research and Quality (AHRQ)
NCT00706056,Weill Medical College of Cornell University,
NCT05455567,Federico II University,
NCT04468633,Duke University,
NCT03505567,Kowa Research Institute Inc.,
NCT03759483,Sun Yat-sen University,
NCT01051583,Cairo University,AL-Nour Eye Hospital
NCT01051583,Cairo University,Kasr El Aini Hospital
NCT01799707,University of Magdeburg,
NCT01917383,Inotek Pharmaceuticals Corporation,
NCT02512133,University of Turin Italy,University of Siena
NCT02049333,Credit Valley EyeCare,
NCT01299233,University of Zurich,
NCT01563237,InnFocus Inc.,
NCT01923714,Universitaire Ziekenhuizen KU Leuven,
NCT01814514,Zahra Rabbani Khah,Shahid Beheshti University of Medical Sciences
NCT01076114,Northwell Health,Nassau University Medical Center
NCT02967614,Kukje Pharma,
NCT01975714,Association for Innovation and Biomedical Research on Light and Image,European Vision Institute Clinical Research Network
NCT04284514,Aerpio Therapeutics,
NCT01841437,Glaukos Corporation,
NCT00286637,NYU Langone Health,National Eye Institute (NEI)
NCT00666237,University of Miami,Abbott Medical Optics
NCT00666237,University of Miami,Research to Prevent Blindness
NCT00666237,University of Miami,National Eye Institute (NEI)
NCT05030714,Brennan Eadie,
NCT01340014,Alcon Research,
NCT00487214,Allergan,
NCT05954637,Vienna Hospital Association,
NCT02629237,Sun Yat-sen University,
NCT02061683,Allergan,
NCT02558400,Aerie Pharmaceuticals,
NCT05885022,Myra Vision Inc.,
NCT04214847,Ain Shams University,
NCT05523622,State University of New York at Buffalo,Reichert Inc.
NCT00981422,University of Parma,
NCT04475900,Technische Universität Dresden,Fraunhofer Institute for Ceramic Technologies and Systems IKTS
NCT00708422,Alcon Research,
NCT01033422,Can-Fite BioPharma,
NCT04295122,Guy's and St Thomas' NHS Foundation Trust,Imperial College London
NCT04295122,Guy's and St Thomas' NHS Foundation Trust,King's College London
NCT05205122,Omar Abdelkarem Hasan,
NCT00406822,Pro Top & Mediking Company Limited,
NCT00382122,Alcon Research,
NCT00362622,University of Alabama at Birmingham,Alcon Research
NCT00856622,Pfizer's Upjohn has merged with Mylan to form Viatris Inc.,
NCT01766947,Sensimed AG,
NCT00348400,Innovative Medical,
NCT01491867,Semmelweis University,
NCT01629407,Allergan,
NCT04796883,Hanita Lenses,
NCT03647033,Khoo Teck Puat Hospital,
NCT02613533,Wills Eye,
NCT01726543,Military Institute of Medicine National Research Institute,
NCT00670033,Alcon Research,
NCT05220007,Siriraj Hospital,
NCT04781283,Fondation Hôpital Saint-Joseph,
NCT04014933,University of Zurich,
NCT04143620,Minia University,
NCT01908816,Novartis Pharmaceuticals,
NCT01612416,Inonu University,
NCT04072016,MicroOptx,
NCT04524416,iSTAR Medical,
NCT00061516,Alcon Research,
NCT01229982,Mati Therapeutics Inc.,
NCT01510145,Alcon Research,
NCT02570867,Qing Zhou,
NCT00820300,Mati Therapeutics Inc.,
NCT00902200,Aerie Pharmaceuticals,
NCT04092400,National University Hospital Singapore,
NCT00522600,Robin Alan L. M.D.,Alcon Research
NCT00293800,Alcon Research,
NCT01433900,Paolo Fogagnolo,
NCT02554214,Rheon Medical SA,
NCT04695314,Temple University,
NCT04577300,Stanford University,
NCT04131114,Sun Yat-sen University,
NCT03080714,Topcon Medical Systems Inc.,
NCT01978600,Alcon Research,
NCT03107000,Sunnybrook Health Sciences Centre,
NCT00675207,Northwestern Ophthalmic Institute S.C.,Research to Prevent Blindness
NCT04339907,Centre hospitalier de l'Université de Montréal (CHUM),
NCT01795014,Universitaire Ziekenhuizen KU Leuven,
NCT04036214,Northeastern State University,
NCT00449956,Merck Sharp & Dohme LLC,
NCT00275756,Medical University of Vienna,
NCT04687800,Cathleen McCabe MD,Ocular Therapeutix Inc.
NCT03733600,Fondation Hôpital Saint-Joseph,
NCT00781300,Federal University of São Paulo,
NCT03090243,Shlomo gavrielli,
NCT05389267,Laboratoires Thea,
NCT05717543,Centre Hospitalier Universitaire de Saint Etienne,
NCT03108443,Balwantray Chauhan,
NCT04061343,Portsmouth Hospitals NHS Trust,
NCT03927443,Sun Pharmaceutical Industries Limited,
NCT06053307,Duke University,National Eye Institute (NEI)
NCT00823043,Vistakon Pharmaceuticals,
NCT04521907,Wenzhou Medical University,
NCT01639807,Aurolab,
NCT01364207,Massachusetts Eye and Ear Infirmary,
NCT04943107,Second Affiliated Hospital School of Medicine Zhejiang University,
NCT00300079,Alcon Research,University of California San Diego
NCT04046809,Omikron Italia S.r.l.,
NCT02522039,Glostrup University Hospital Copenhagen,
NCT00902109,University Hospital Tuebingen,Alcon Research
NCT01983579,Sensimed AG,
NCT02375009,West Virginia University,
NCT00327509,University Hospital Basel Switzerland,University of Bonn
NCT04585100,Future Medicine,Futuremedicine Australia
NCT04647214,Allergan,
NCT05159414,Nu Eyne Co. Ltd.,
NCT01168414,Ministry of Health Malaysia,
NCT01298700,Allergan,
NCT03686072,Wenzhou Medical University,
NCT00570362,The Catholic University of Korea,
NCT01252862,Glaukos Corporation,
NCT04273438,Queen's University Belfast,University of Sussex
NCT01845038,Ocular Therapeutix Inc.,
NCT04586738,Germans Trias i Pujol Hospital,
NCT03852810,Allergan,
NCT02105272,Otsuka Pharmaceutical Co. Ltd.,
NCT00751062,Pfizer's Upjohn has merged with Mylan to form Viatris Inc.,
NCT00348062,Innovative Medical,
NCT00862472,Alcon Research,
NCT00320762,Pro Top & Mediking Company Limited,
NCT05247762,China Medical University Hospital,
NCT04024072,Padagis LLC,
NCT06016972,Qlaris Bio Inc.,
NCT00371072,Shahid Beheshti University of Medical Sciences,
NCT01408472,Jeffrey L Goldberg,
NCT04898387,Laboratoires Thea,
NCT03654885,Allergan,
NCT03278587,University of California San Francisco,Bharatpur Eye Hospital
NCT03278587,University of California San Francisco,Seva Foundation
NCT02876185,Fondation Ophtalmologique Adolphe de Rothschild,
NCT03192085,Royal Devon and Exeter NHS Foundation Trust,University of Plymouth
NCT03192085,Royal Devon and Exeter NHS Foundation Trust,University of Exeter
NCT01528787,Aerie Pharmaceuticals,
NCT04943185,Institut de l'oeil des Laurentides,
NCT00981786,Aristotle University Of Thessaloniki,Alcon Research
NCT00304785,Pharmaceutical Research Network,
NCT00693485,Allergan,
NCT01384487,Nidek Co. LTD.,
NCT00607685,Singapore National Eye Centre,Nanchang University
NCT00607685,Singapore National Eye Centre,Singapore Eye Research Institute
NCT01906151,Sensimed AG,
NCT06016712,Faculty Hospital Kralovske Vinohrady,
NCT04703712,Eye & ENT Hospital of Fudan University,
NCT04434612,Zhongshan Ophthalmic Center Sun Yat-sen University,
NCT02020512,Allergan,
NCT00321386,Chinese University of Hong Kong,Prince of Wales Hospital Shatin Hong Kong
NCT00321386,Chinese University of Hong Kong,Hong Kong Eye Hospital
NCT01895686,Wills Eye,
NCT02327312,Glaukos Corporation,
NCT00491712,Federal University of São Paulo,
NCT00651612,Allergan,
NCT00799682,Ophthalmic Consultants of Long Island,Pfizer
NCT04232982,Centre hospitalier de l'Université de Montréal (CHUM),Fonds de recherche en ophtalmologie de l'Université de Montréal
NCT01305616,Rassoul Akram Hospital,
NCT00347893,Glaucoma Research & Education Group,PharmaLogic Development Inc.
NCT00402493,Philadelphia Eye Associates,Pfizer
NCT02708082,Carl Zeiss Meditec Inc.,
NCT03098316,Universitaire Ziekenhuizen KU Leuven,FRO (Funds for Research in Ophthalmology Belgium)
NCT05299593,Fondazione G.B. Bietti IRCCS,
NCT01174420,Aeon Astron Europe B.V.,
NCT00626782,Wills Eye,Genentech Inc.
NCT00626782,Wills Eye,Novartis Pharmaceuticals
NCT05163093,Chunyan Qiao_2021,
NCT01000220,Shahid Beheshti University of Medical Sciences,Ophthalmic Research Center
NCT03642782,Fondation Hôpital Saint-Joseph,
NCT06076720,Zhongshan Ophthalmic Center Sun Yat-sen University,
NCT00767793,Merck Sharp & Dohme LLC,
NCT02679482,Fundación Oftalmológica Nacional,
NCT01843920,Jason Hsu MD,
NCT01228149,Katrin Lorenz,
NCT01314326,Oregon Health and Science University,National Eye Institute (NEI)
NCT01318252,Alcon Research,
NCT04461249,Kasr El Aini Hospital,
NCT03267849,Johns Hopkins University,
NCT02955849,Sun Yat-sen University,
NCT00961649,Alcon Research,
NCT05075226,Maisonneuve-Rosemont Hospital,
NCT03972852,Johannes Gutenberg University Mainz,
NCT03590249,University of California San Diego,
NCT00306852,University of Miami,Pfizer
NCT00306852,University of Miami,Abbott Medical Optics
NCT01302249,Aerie Pharmaceuticals,
NCT02784249,New World Medical Inc.,
NCT04020705,Istituto di Ricerca Neuroftalmologia S.r.l.,University of Milan
NCT00272363,National Eye Institute (NEI),
NCT02863705,Allergan,
NCT03548805,L.V. Prasad Eye Institute,
NCT02713152,Papworth Hospital NHS Foundation Trust,Anglia Ruskin University
NCT02713152,Papworth Hospital NHS Foundation Trust,Hinchingbrooke Healthcare NHS Trust
NCT00327405,University of Cincinnati,
NCT00603005,Maastricht University Medical Center,Alcon Research
NCT00001152,National Eye Institute (NEI),
NCT00570726,The New York Eye & Ear Infirmary,Genentech Inc.
NCT03889652,Kasr El Aini Hospital,
NCT02959593,Visior Technologies Ltd.,Indiana University School of Medicine
NCT06128720,Stanford University,
NCT03257020,Pusan National University Hospital,
NCT01021982,Sheba Medical Center,Claire and Amedee Maratier Institute
NCT01021982,Sheba Medical Center,Tel Aviv University
NCT04118920,Centre hospitalier de l'Université de Montréal (CHUM),
NCT03534882,Cindy Hutnik,
NCT05624593,Optos PLC,
NCT05279716,Santen Pharmaceutical Asia Pte. Ltd.,
NCT01357616,Alcon Research,
NCT02390245,Wills Eye,Centers for Disease Control and Prevention|Westat|Public Health Management Corporation|Philadelphia Department of Public Health|The Health Federation of Philadelphia|Temple Physicians Inc.
NCT02390245,Wills Eye,Centers for Disease Control and Prevention
NCT02390245,Wills Eye,Westat
NCT02390245,Wills Eye,Public Health Management Corporation
NCT02390245,Wills Eye,Philadelphia Department of Public Health
NCT02390245,Wills Eye,|Temple Physicians Inc.
NCT02390245,Wills Eye,The Health Federation of Philadelphia.
NCT01012245,Pfizer's Upjohn has merged with Mylan to form Viatris Inc.,
NCT05474716,Fayoum University,
NCT01709916,Carmel Medical Center,
NCT00753168,Othera Pharmaceuticals,
NCT05822245,Perfuse Therapeutics Inc.,
NCT05670015,Benha University,
NCT01693315,Amakem NV,
NCT01362868,Sensimed AG,
NCT00762645,Alcon Research,
NCT00721968,Glaukos Corporation,
NCT00804115,The New York Eye & Ear Infirmary,Pfizer
NCT01551550,Tissue Tech Inc.,Bascom Palmer Eye Institute
NCT01551550,Tissue Tech Inc.,National Eye Institute (NEI)
NCT01551550,Tissue Tech Inc.,The New York Eye & Ear Infirmary
NCT01551550,Tissue Tech Inc.,Columbia University
NCT03844945,Aerie Pharmaceuticals,
NCT05116345,Brian Jerkins MD,Ocular Therapeutix Inc.
NCT02993445,Temple University,
NCT01017068,University of Benin,
NCT00523250,Aerie Pharmaceuticals,
NCT02434250,University of Zurich,
NCT03506568,Universal Adherence LLC,National Institutes of Health (NIH)
NCT03506568,Universal Adherence LLC,Oregon State University
NCT03506568,Universal Adherence LLC,National Eye Institute (NEI)
NCT03798145,Stanford University,
NCT04110015,New York City Health and Hospitals Corporation,
NCT01978015,University of Campinas Brazil,
NCT01535768,Credit Valley EyeCare,Canadian Glaucoma Clinical Research Council
NCT04405245,EyePoint Pharmaceuticals Inc.,
NCT05062668,Centre Hospitalier Universitaire Amiens,Central Hospital Saint Quentin
NCT01416415,Northwestern University,
NCT03125850,Zhongshan Ophthalmic Center Sun Yat-sen University,
NCT01309204,Alcon Research,
NCT00823706,Assaf-Harofeh Medical Center,
NCT06023927,Northwell Health,
NCT05209204,Minia University,
NCT01319604,Sensimed AG,
NCT02870504,First Affiliated Hospital of Fujian Medical University,
NCT04673604,Aristotle University Of Thessaloniki,
NCT01342406,University of Nebraska,
NCT01460017,King Saud University,
NCT03289806,Centre Hospitalier Universitaire Dijon,
NCT01254006,University of Roma La Sapienza,vingolo enzo maria
NCT01254006,University of Roma La Sapienza,domanico daniela
NCT01254006,University of Roma La Sapienza,salvatore serena
NCT02247804,Allergan,
NCT03133117,University Hospital Grenoble,Laboratoire de Psychologie et NeuroCognition
NCT00751127,Pfizer,
NCT04595227,Peking University,
NCT01493427,Alcon Research,
NCT01722604,Bausch & Lomb Incorporated,
NCT05973305,Jadran Galenski laboratorij d.d.,
NCT05466526,National Taiwan University Hospital Hsin-Chu Branch,Local clinic
NCT00486252,Pfizer's Upjohn has merged with Mylan to form Viatris Inc.,
NCT02471105,Universitaire Ziekenhuizen KU Leuven,Allergan
NCT01987752,Allergan,
NCT01252849,Glaukos Corporation,
NCT00709449,Medical University of Vienna,
NCT02627352,Wills Eye,
NCT00853905,Wills Eye,Alcon Research
NCT01444105,Glaukos Corporation,
NCT06078605,CHA University,Hanlim Pharm. Co. Ltd.
NCT00451152,Alcon Research,
NCT04455126,Alexandria University,
NCT03318705,Doheny Image Reading Center,
NCT01462526,Johns Hopkins University,
NCT02789293,EyeTechCare,
NCT00047593,Alcon Research,
NCT01343082,Santen Pharmaceutical Co. Ltd.,
NCT01527682,Azienda Socio Sanitaria Territoriale degli Spedali Civili di Brescia,
NCT04417920,Menoufia University,
NCT03850782,AbbVie,
NCT02526693,Wills Eye,
NCT04302220,Sun Yat-sen University,
NCT01067482,Prince of Songkla University,
NCT05576493,Cairo University,
NCT05654493,Mayo Clinic,
NCT00824720,Vistakon Pharmaceuticals,
NCT02639975,Palobiofarma SL,
NCT04421859,Bronx-Lebanon Hospital Center Health Care System,EyeCU Group|VISRE
NCT03587454,Rutgers University,New Jersey Health Foundation
NCT01923454,Siriraj Hospital,
NCT04563559,Duke University,Ocular Therapeutix Inc.
NCT03758859,Imperial College London,
NCT03751059,Cindy Hutnik,Glaucoma Research Society of Canada
NCT00332059,Allergan,
NCT04868175,The University of Hong Kong,
NCT05548959,Wuerzburg University Hospital,
NCT04215575,Ain Shams University,
NCT03639675,Bayer,Regeneron Pharmaceuticals
NCT05992415,Columbia University,
NCT06066645,Glaukos Corporation,
NCT03365245,Vienna Institute for Research in Ocular Surgery,
NCT05752045,Evolucare Technologies,Slb Pharma
NCT05752045,Evolucare Technologies,Assistance Publique - Hôpitaux de Paris
NCT05752045,Evolucare Technologies,BPIfrance
NCT05451745,Sun Yat-sen University,
NCT02539745,Lv Yingjuan,
NCT03967145,Acibadem University,Haydarpasa Numune Training and Research Hospital
NCT02710916,University Hospital Bordeaux,
NCT02084745,Centre hospitalier de l'Université de Montréal (CHUM),
NCT00280345,University of Oklahoma,
NCT00308945,University Hospital Basel Switzerland,
NCT02921568,Optos PLC,Optos Inc.
NCT04401982,University of Maryland Baltimore,Aerie Pharmaceuticals
NCT04296916,Sun Yat-sen University,
NCT00727168,Korean Glaucoma Society,
NCT00471068,Alcon Research,
NCT04354545,University of California Los Angeles,Novartis
NCT05405868,University College London,National Institute for Health Research United Kingdom
NCT04635020,Helsinki University Central Hospital,
NCT01520116,Altheos Inc.,
NCT00141882,Allergan,
NCT02835482,Fondation Ophtalmologique Adolphe de Rothschild,
NCT04542616,State University of New York at Buffalo,
NCT01053416,University of Parma,
NCT00637130,Alcon Research,
NCT04629521,Alcon Research,
NCT06078592,CHA University,Hanlim Pharm. Co. Ltd.
NCT01422525,University Eye Hospital Würzburg,
NCT05251792,Zhongshan Ophthalmic Center Sun Yat-sen University,
NCT01020721,Samsung Medical Center,
NCT00454025,University of Colorado Denver,
NCT00527592,Alcon Research,
NCT03352492,University of the Incarnate Word,
NCT05557721,Vastra Gotaland Region,Göteborg University
NCT01510392,Oregon Health and Science University,National Eye Institute (NEI)
NCT03104621,Gangnam Severance Hospital,
NCT02207621,Aerie Pharmaceuticals,
NCT00465621,Alcon Research,
NCT03766425,Medical University of Lublin,
NCT00772330,InnFocus Inc.,
NCT04465630,Sight Sciences Inc.,
NCT05052242,Rajavithi Hospital,
NCT02822742,Santen Pharmaceutical Co. Ltd.,
NCT00342342,National Human Genome Research Institute (NHGRI),
NCT01794442,Universitaire Ziekenhuizen KU Leuven,
NCT02512042,Actavis Inc.,
NCT03373942,Emine Deniz Egrilmez,Izmir Ataturk Training and Research Hospital
NCT01287442,University of Zurich,
NCT00346489,Indiana University School of Medicine,
NCT00846989,Novartis Pharmaceuticals,
NCT02083289,Ono Pharmaceutical Co. Ltd,
NCT01936389,Robert Ritch MD LLC.,
NCT05543889,Moorfields Eye Hospital NHS Foundation Trust,
NCT00061542,Alcon Research,
NCT01042665,University of Miami,Pfizer
NCT06000865,The Hong Kong Polytechnic University,University of Waterloo
NCT06000865,The Hong Kong Polytechnic University,The University of Hong Kong
NCT06000865,The Hong Kong Polytechnic University,University of Leicester
NCT02023242,Ivantis Inc.,
NCT00934089,Pfizer,
NCT00468988,Alcon Research,
NCT04863365,pH Pharma,
NCT05876689,Robert T. Chang MD,
NCT03800589,Military Institute of Medicine National Research Institute,
NCT00775489,University Health Network Toronto,Glaucoma Research Society of Canada
NCT00567788,Singapore National Eye Centre,Allergan
NCT01443988,Glaukos Corporation,
NCT05241938,Federal University of Rio Grande do Sul,
NCT01417689,Oftalmologia Hospital Sotero del Rio,
NCT04700189,New World Medical Inc.,
NCT04900142,University of Modena and Reggio Emilia,
NCT05162989,Icare Finland Oy,
NCT00311389,Alcon Research,
NCT01956942,David Belyea,
NCT01222065,Courtney Frazier Swaney,National Eye Institute (NEI)
NCT00444665,Alcon Research,
NCT04651530,Helsinki University Central Hospital,
NCT04129021,Centre Hospitalier National d'Ophtalmologie des Quinze-Vingts,
NCT05283031,Imperial College London,
NCT00405431,Wills Eye,Allergan
NCT00051142,Alcon Research,
NCT02613442,University of Nebraska,
NCT05316142,Iran University of Medical Sciences,
NCT00956865,Wills Eye,Temple University
NCT04052165,Indonesia University,Fakultas Kedokteran Universitas Indonesia
NCT04052165,Indonesia University,Dr Cipto Mangunkusumo General Hospital
NCT04052165,Indonesia University,Institut Pertanian Bogor
NCT01687465,Lawson Health Research Institute,
NCT03595865,wangdabo,
NCT03609125,IRCCS Azienda Ospedaliero-Universitaria di Bologna,University of Bologna
NCT04380025,University of Puerto Rico,
NCT03293992,Hoffmann-La Roche,
NCT04515030,Zhongshan Ophthalmic Center Sun Yat-sen University,
NCT05113121,Assiut University,
NCT04645992,Cairo University,
NCT02047630,CHU de Quebec-Universite Laval,
NCT01484392,Legacy Health System,
NCT06120621,Mansoura University,
NCT04079725,Assiut University,
NCT03611530,Mario Negri Institute for Pharmacological Research,
NCT04054830,Rigshospitalet Denmark,
NCT00326092,Alcon Research,
NCT04323930,Dr. Kaweh Mansouri,Manchester Royal Eye Hospital
NCT03870230,Medical University of Vienna,
NCT00000125,Washington University School of Medicine,National Eye Institute (NEI)
NCT04896125,National Taiwan University Hospital,
NCT03959592,Felipe Medeiros MD,Heidelberg Engineering GmbH
NCT03959592,Felipe Medeiros MD,MacuHealth LP
NCT03959592,Felipe Medeiros MD,Industrial Orgánica S.A. de C.V.
NCT00741130,Yonsei University,
NCT04297930,National University Hospital Singapore,
NCT01749930,Bausch & Lomb Incorporated,
NCT03894631,State University of New York at Buffalo,
NCT00406042,West Virginia University,
NCT00273442,Pharmaceutical Research Network,
NCT02785042,Heidelberg Engineering GmbH,
NCT04141865,Price Vision Group,
NCT02598765,University of California San Francisco,Lumbini Eye Institute and Hospital
NCT02598765,University of California San Francisco,Seva Foundation
NCT04967989,West Virginia University,University of Pittsburgh
NCT01105065,Massachusetts Eye and Ear Infirmary,
NCT03188042,NYU Langone Health,
NCT04460365,Centre for Eye Research Ireland,
NCT00766389,Yonsei University,
NCT04702789,Laboratorios Sophia S.A de C.V.,
NCT02805231,Lv Yingjuan,Tianjin Medical University Eye Hospital
NCT03966365,Laboratorios Sophia S.A de C.V.,
NCT05949242,Ridge Eye Care,Alcon Research
NCT00347789,Glaucoma Research & Education Group,PharmaLogic Development Inc.
NCT02165631,University of Colorado Denver,
NCT01864642,University of Wisconsin Madison,
NCT05332665,Minia University,
NCT00576342,Alcon Research,
NCT02959242,Technische Universität Dresden,
NCT00638742,Pfizer's Upjohn has merged with Mylan to form Viatris Inc.,
NCT02366065,Johns Hopkins University,
NCT03928665,Wroclaw Medical University,Wrocław University of Science and Technology
NCT06124521,University of Michigan,National Institute on Minority Health and Health Disparities (NIMHD)
NCT00372931,Alcon Research,
NCT03187821,Venkatesh Rengaraj,Johns Hopkins University
NCT06154330,Davinci LTD,
NCT03394521,University of Aberdeen,Queen's University Belfast
NCT00765921,Massachusetts Eye and Ear Infirmary,Genentech Inc.
NCT00838721,Santa Clara Valley Health & Hospital System,OptiMedica Corporation
NCT04145830,EyeTechCare,
NCT01409421,University of Colorado Denver,Merck Sharp & Dohme LLC
NCT06112431,Columbia University,
NCT04918121,Sanjay Asrani,
NCT05686421,NYU Langone Health,National Eye Institute (NEI)
NCT02901730,First Affiliated Hospital of Fujian Medical University,
NCT04157530,China Medical University Hospital,
NCT05235321,Duke University,
NCT00303121,University of Toronto,
NCT01228721,University of Zurich,
NCT03077789,University Hospital Lille,
NCT02599688,Peregrine Ophthalmic,
NCT00224289,Yale University,Pfizer
NCT03494465,Xerencia de Xestión Integrada de Ferrol,
NCT04683289,Mansoura University,
NCT02928289,Sight Sciences Inc.,
NCT01446588,Johns Hopkins University,
NCT00573638,Augusta University,Pfizer
NCT03689088,Sensimed AG,
NCT03323138,Wenzhou Medical University,
NCT01308788,Indiana University,
NCT01906138,Sensimed AG,
NCT04651231,Ain Shams University,
NCT00346931,Medical University of Vienna,
NCT01836042,Glaukos Corporation,
NCT00758342,Alcon Research,
NCT06120842,SpyGlass Pharma Inc.,
NCT03268031,Sun Yat-sen University,Chinese Academy of Sciences
NCT00541242,Allergan,
NCT00716742,Allergan,
NCT03506542,Medical University of Lublin,Aeon Astron Europe B.V.
NCT02014142,Mati Therapeutics Inc.,
NCT02524431,Wills Eye,Thomas Jefferson University
NCT00384631,Shahid Beheshti University of Medical Sciences,
NCT03109665,Queen's University Belfast,
NCT02108288,Otsuka Pharmaceutical Co. Ltd.,
NCT03338088,Instituto de Olhos de Goiania,
NCT02862938,Stanford University,
NCT01628588,Allergan,
NCT01410188,Kubota Vision Inc.,Otsuka Pharmaceutical Co. Ltd.
NCT01704989,Marcelo Nicolela,Dalhousie University
NCT02014389,Sheba Medical Center,
NCT00476138,Catholic University of the Sacred Heart,
NCT02162043,University of Manchester,
NCT01426867,Alcon Research,
NCT02613143,Wenzhou Medical University,
NCT04406467,Johns Hopkins University,New York University
NCT00150267,Pfizer,
NCT01216943,Allergan,
NCT05041543,Pinotbio Inc.,
NCT02143843,ForSight Vision5 Inc.,
NCT00300443,Allergan,
NCT04648943,Democritus University of Thrace,
NCT00707421,Universitaire Ziekenhuizen KU Leuven,Funding for Research in Ophthalmology (FRO)
NCT00287521,Alcon Research,
NCT05156021,Ruijin Hospital,
NCT00273221,National University Hospital Singapore,
NCT03715231,NYU Langone Health,
NCT00449631,University of Cologne,
NCT01514721,Alcon Research,
NCT05328921,Benha University,
NCT01943721,ForSight Vision5 Inc.,
NCT01769521,Sensimed AG,
NCT02558712,Emory University,
NCT05906212,Shahid Beheshti University of Medical Sciences,
NCT00472810,Pro Top & Mediking Company Limited,
NCT00980473,Singapore National Eye Centre,National University Hospital Singapore
NCT01136473,Carmel Medical Center,
NCT01887873,Croma-Pharma GmbH,
NCT02874846,Aerie Pharmaceuticals,
NCT00918346,Santen Oy,
NCT01525173,Allergan,
NCT04334473,Mai Nasser Abd Elmohsen,
NCT02129673,ViSci Ltd.,
NCT01481077,Mati Therapeutics Inc.,
NCT04632329,Equinox,
NCT03958929,Sun Yat-sen University,Wenzhou Medical University
NCT03648229,West Virginia University,University of Michigan
NCT03648229,West Virginia University,University of Pittsburgh
NCT02785029,Heidelberg Engineering GmbH,
NCT02614651,Centre Hospitalier Universitaire de Nīmes,
NCT02250612,Sylentis S.A.,
NCT02822612,University College London,
NCT04590651,Peeter Kuddu,
NCT02474238,Prince of Songkla University,
NCT00698438,University of Witwatersrand South Africa,
NCT00650338,Santen Inc.,
NCT06144138,Lawson Health Research Institute,
NCT00485238,National University Hospital Singapore,
NCT02623738,Santen Pharmaceutical Co. Ltd.,
NCT02757677,Swiss Vision Network,
NCT03466177,Universitaire Ziekenhuizen KU Leuven,
NCT05924477,University of Pennsylvania,National Eye Institute (NEI)
NCT05924477,University of Pennsylvania,University of California San Francisco
NCT05924477,University of Pennsylvania,Stanford University
NCT03933631,Montefiore Medical Center,
NCT03362931,Allergan,
NCT03921931,Medical University of Vienna,
NCT01247831,Technische Universität Dresden,
NCT01026831,Merck Sharp & Dohme LLC,
NCT02077231,Xiaodong Zhou,
NCT01669031,Oftalmologia Hospital Sotero del Rio,
NCT05043831,BelkinVision,
NCT01540331,University of Catanzaro,
NCT05530031,Mansoura University,
NCT04426331,Johns Hopkins University,Centers for Disease Control and Prevention
NCT00175786,University of British Columbia,
NCT05273385,University of California San Francisco,Icare Finland Oy
NCT05273385,University of California San Francisco,Nanodropper Inc.
NCT05035394,Umeå University,
NCT02151318,University of South Florida,
NCT05104294,Benha University,
NCT01511094,Federal University of Minas Gerais,
NCT04234932,University of the Incarnate Word,
NCT01510132,Alcon Research,
NCT00000132,National Eye Institute (NEI),
NCT04562402,King Khaled Eye Specialist Hospital,
NCT01488032,Technische Universität Dresden,
NCT00773877,Yonsei University,
NCT06061718,Glaukos Corporation,
NCT00152932,University Health Network Toronto,Merck Frosst Canada Ltd.
NCT05955118,InSight Vision Center Medical Group Inc,
NCT05543018,Benha University,
NCT02300818,American Society Of Thermalism And Climatology Inc,
NCT00767494,Alcon Research,
NCT04010994,University of Magdeburg,
NCT05973318,Jadran Galenski laboratorij d.d.,
NCT05704777,Universidad de Granada,University Hospital Virgen de las Nieves
NCT05704777,Universidad de Granada,Durham University
NCT05704777,Universidad de Granada,University of Szczecin
NCT02226094,OcuTherix Inc.,
NCT00868894,Santen Inc.,
NCT03235232,EMS,
NCT05697094,Lawson Health Research Institute,
NCT04064918,University of California San Diego,Aerie Pharmaceuticals
NCT05159960,Vastra Gotaland Region,Göteborg University
NCT04536129,University of Molise,Medivis
NCT00143429,Pfizer's Upjohn has merged with Mylan to form Viatris Inc.,
NCT05730478,Sohag University,
NCT00557232,Instituto de Olhos de Goiania,
NCT00832832,Johns Hopkins University,
NCT03417453,Wolfson Medical Center,
NCT01936129,Singapore Eye Research Institute,
NCT02697318,University of Waterloo,
NCT05264818,Fondation Ophtalmologique Adolphe de Rothschild,
NCT01115218,University of Cologne,
NCT02325518,Alcon a Novartis Company,
NCT00821002,Mati Therapeutics Inc.,QLT Inc.
NCT05913232,D. Western Therapeutics Institute Inc.,
NCT00307918,Shaare Zedek Medical Center,
NCT01175902,The Catholic University of Korea,Seoul St. Mary's Hospital
NCT03187418,Centre hospitalier de l'Université de Montréal (CHUM),
NCT00650702,Mati Therapeutics Inc.,
NCT02868502,Meir Medical Center,
NCT01855802,Democritus University of Thrace,
NCT00811694,Medical University of Vienna,
NCT02209961,Hillel Yaffe Medical Center,
NCT01737853,Allergan S.A. DE C.V..,
NCT05439161,Prof. Dr. Herbert Reitsamer,
NCT00448929,Pro Top & Mediking Company Limited,
NCT00468429,Grewal Eye Institute,
NCT01767753,Sensimed AG,
NCT01494753,Laboratoires Thea,
NCT02388360,Maisonneuve-Rosemont Hospital,
NCT00404729,Fondazione G.B. Bietti IRCCS,
NCT03021629,Lv Yingjuan,
NCT00279253,Medical University of Vienna,
NCT01682460,University of Waterloo,Allergan
NCT04769453,Nova Eye Inc.,
NCT00503360,Novartis,
NCT00913029,Glaukos Corporation,
NCT00887029,Ophthalmic Consultants Centres Canada,Alcon Research
NCT00481494,Yonsei University,
NCT01798732,University Hospital Grenoble,
NCT03150160,Novartis Pharmaceuticals,
NCT04957329,Rigshospitalet Denmark,Laboratoires Thea
NCT05371977,Helsinki University Central Hospital,
NCT01310777,Alcon Research,
NCT00967694,Oregon Health and Science University,Research to Prevent Blindness
NCT00967694,Oregon Health and Science University,Robert L. Bacon Medical Foundation
NCT03151577,Swiss Vision Network,
NCT00906594,University of Sao Paulo,
NCT00196677,Future Products Management,
NCT02656394,Glia LLC,
NCT03106532,pH Pharma,
NCT04318132,Nidek Co. LTD.,
NCT01166594,Sunnybrook Health Sciences Centre,Glaucoma Research Society of Canada
NCT03402802,Johns Hopkins University,
NCT01632423,Allergan,
NCT02628223,Temple University,
NCT04448223,Chong Kun Dang Pharmaceutical,
NCT05563623,Peking University People's Hospital,
NCT03798223,Vastra Gotaland Region,Göteborg University
NCT05726058,University of Maryland Baltimore,National Eye Institute (NEI)
NCT05726058,University of Maryland Baltimore,Vasoptic Medical Inc
NCT02173223,New York Glaucoma Research Institute,
NCT00834223,OPKO Health Inc.,
NCT04943458,Milda Svagzdiene,Kaunas University of Technology
NCT00945958,Sun Pharma Advanced Research Company Limited,
NCT02862158,University of Miami,
NCT05625958,Ciliatech,
NCT01471158,Alcon Research,
NCT00314158,Alcon Research,
NCT04254458,Ulucanlar Eye Training and Research Hospital,
NCT03605823,Cairo University,
NCT04000828,Johannes Gutenberg University Mainz,
NCT05943184,Taiyuan Central Hospital of Shanxi Medical University,
NCT03138928,Trakya University,
NCT00047528,Alcon Research,
NCT01301378,Wills Eye,IOP Ophthalmics
NCT05940623,The University of Hong Kong,Icare Finland Oy
NCT00524758,Pro Top & Mediking Company Limited,
NCT06012058,The University of Hong Kong,Orbis
NCT05557058,W.L.Gore & Associates,
NCT00773123,Yonsei University,
NCT03391518,Augenabteilung Allgemeines Krankenhaus Linz,
NCT04949802,Vialase Inc.,
NCT02945202,University of Zurich,
NCT01746602,Medical University of Vienna,
NCT03483402,University Hospital of Patras,
NCT00863018,Chungnam National University,
NCT04396002,University of Alabama at Birmingham,
NCT02731118,St. Erik Eye Hospital,
NCT03927118,Bulent Ecevit University,
NCT01731002,Aerie Pharmaceuticals,
NCT01272102,Carl Zeiss Meditec Inc.,DataMed Devices Inc.
NCT03525132,University Hospital Grenoble,
NCT00347802,Innovative Medical,
NCT01461278,Glaukos Corporation,
NCT03216902,Santen Inc.,
NCT01229202,Nova Scotia Health Authority,
NCT01806402,Optovue,
NCT02088528,Tema Christian Eye Center,International Glaucoma Association
NCT02088528,Tema Christian Eye Center,HCA International Foundation
NCT01987323,Singapore Eye Research Institute,
NCT00350428,Singapore National Eye Centre,
NCT05449041,Meddoc,
NCT02665884,Hillel Yaffe Medical Center,
NCT02700984,Alcon Research,Transcend Medical Inc.
NCT04737928,Santen Pharmaceutical (Taiwan) Co. LTD,
NCT00869141,University of California Los Angeles,
NCT03194828,University of Tennessee,Kali Care
NCT03194828,University of Tennessee,Barney's Pharmacy
NCT03194828,University of Tennessee,Creative Care Pharmacy
NCT03194828,University of Tennessee,Hutton Pharmacy
NCT03194828,University of Tennessee,Mustang Drug
NCT03604328,PolyActiva Pty Ltd,
NCT00346541,Singapore National Eye Centre,
NCT02604953,Wills Eye,
NCT01292460,Santen Oy,
NCT02982629,Wills Eye,Thomas Jefferson University
NCT00273429,Pharmaceutical Research Network,
NCT00680329,Alcon Research,
NCT05451329,VivaVision Biotech Inc,
NCT03145129,Papworth Hospital NHS Foundation Trust,Hinchingbrooke Healthcare NHS Trust
NCT05446077,Sun Yat-sen University,
NCT00193960,University Health Network Toronto,
NCT01347229,Sensimed AG,
NCT01217853,Sensimed AG,Schlossparkklinik
NCT03886753,Children's Hospital of Philadelphia,Ilera Healthcare
NCT02822729,Santen Pharmaceutical Co. Ltd.,
NCT03450629,Sun Pharma Advanced Research Company Limited,
NCT04352660,University of California San Diego,
NCT01136460,Carmel Medical Center,
NCT00061529,Alcon Research,
NCT00351429,Aurolab,
NCT01517477,Glaukos Corporation,
NCT01711177,Université de Montréal,
NCT00799994,Wills Eye,Pfizer
NCT05180994,Centre hospitalier de l'Université de Montréal (CHUM),Fonds de recherche en ophtalmologie de l'Université de Montréa
NCT05180994,Centre hospitalier de l'Université de Montréal (CHUM),Maisonneuve-Rosemont Hospital
NCT05180994,Centre hospitalier de l'Université de Montréal (CHUM),Niagara Health System
NCT05180994,Centre hospitalier de l'Université de Montréal (CHUM),Prism Eye Institute
NCT05180994,Centre hospitalier de l'Université de Montréal (CHUM),Ottawa Hospital Research Institute
NCT02228577,Transcend Medical Inc.,
NCT00832377,Merck Sharp & Dohme LLC,
NCT02090777,Duke University,
NCT02246777,Alcon Research,
NCT02141594,Dr T V Patel Eye Institute,
NCT00051194,Alcon Research,
NCT05206877,Stanford University,
NCT00690794,Alcon Research,
NCT01342094,Santen Pharmaceutical Co. Ltd.,
NCT02356094,Centro Hospitalar do Baixo Vouga,
NCT00798694,Wills Eye,Pfizer
NCT06071494,Hospital Universiti Sains Malaysia,
NCT03858894,Santen Inc.,
NCT04647929,University of Zurich,Johannes Gutenberg University Mainz
NCT00317577,Chicago Center for Vision Research,
NCT00551902,Queen's University,Glaucoma Research & Education Group
NCT05925894,Fondazione Policlinico Universitario Agostino Gemelli IRCCS,
NCT04433702,Vance Thompson Vision,
NCT00330577,Aristotle University Of Thessaloniki,
NCT04141891,University of Colorado Denver,National Institute on Aging (NIA)
NCT01568008,Allergan,
NCT04242108,Sun Yat-sen University,
NCT02419508,Alcon Research,
NCT00143208,Pfizer's Upjohn has merged with Mylan to form Viatris Inc.,
NCT00430209,University Hospital Basel Switzerland,
NCT05790408,Northwestern University,
NCT00485108,Queen's University,Glaucoma Research Society of Canada
NCT00485108,Queen's University,Pfizer
NCT03560609,NYU Langone Health,
NCT00481208,Yonsei University,
NCT00901108,University of Alberta,
NCT02379208,Turku University Hospital,
NCT05626491,Stanford University,Otto-von-Guericke University Magdeburg
NCT05626491,Stanford University,NYU Langone Health
NCT03631108,Shanghai Eye Disease Prevention and Treatment Center,
NCT04271709,Columbia University,Centers for Disease Control and Prevention
NCT02207491,Aerie Pharmaceuticals,
NCT01217606,Allergan,
NCT03387306,Trakya University,
NCT01125306,Meir Medical Center,
NCT05999006,Elios Vision Inc.,
NCT00652106,Allergan,
NCT05695027,Columbia University,
NCT02017327,Laboratoires Thea,
NCT00803504,Medical University of Vienna,
NCT04440527,Medical University Innsbruck,
NCT05022004,Sun Pharmaceutical Industries Limited,
NCT01297517,Alcon Research,
NCT03931317,University of California San Diego,Bausch & Lomb Incorporated
NCT05566626,Mantis Photonics AB,Sundets Ögonläkare
NCT04676126,University of the Incarnate Word,Guardion Health Sciences Inc.
NCT02867527,University Hospital Grenoble,
NCT01749904,Bausch & Lomb Incorporated,
NCT00538304,Allergan,
NCT00069706,Alcon Research,
NCT01254604,Merck Sharp & Dohme LLC,
NCT01346904,Huazhong University of Science and Technology,Sun Yat-sen University
NCT00828906,Alcon Research,
NCT06135727,Topcon Corporation,
NCT00372827,Alcon Research,
NCT05111106,Austin Eye,Johnson & Johnson
NCT01927406,Stanford University,
NCT00706927,Medical University of Vienna,
NCT04890106,Mankind Pharma Limited,CBCC Global Research
NCT05042609,Tarsier Pharma,
NCT04857827,Qlaris Bio Inc.,
NCT04920227,Second Affiliated Hospital School of Medicine Zhejiang University,
NCT01253109,Sensimed AG,Orasis AugenZentrum Pajic
NCT01253109,Sensimed AG,Private practicioner Dr Sunaric Mégevand
NCT01915706,Duke University,
NCT02526706,Wills Eye,
NCT04773106,Implandata Ophthalmic Products GmbH,CRO Dr. med. Kottmann GmbH & Co. KG
NCT01862627,Kyorin University,
NCT03445806,St. Erik Eye Hospital,
NCT05527106,Institut Catala de Retina,
NCT02628327,Wills Eye,
NCT01255306,University Hospital Sestre Milosrdnice,
NCT00238563,Stanford University,
NCT02776449,Umeå University,Västerbotten County Council Sweden
NCT00140049,Pfizer's Upjohn has merged with Mylan to form Viatris Inc.,
NCT03750149,Prim. Prof. Dr. Oliver Findl MBA,
NCT02742649,ForSight Vision5 Inc.,
NCT04178863,Intuor Technologies Inc.,
NCT00744705,Yonsei University,
NCT03691649,Santen Inc.,
NCT03014349,VER Excelência em Oftalmologia,
NCT02990663,University of Alberta,Alberta Innovates Health Solutions
NCT02990663,University of Alberta,Alberta Health services
NCT02990663,University of Alberta,Canadian Institutes of Health Research (CIHR)
NCT06054763,China Medical University Hospital,
NCT01452009,Alcon Research,
NCT00338208,Vanderbilt University,
NCT03233308,Aerie Pharmaceuticals,
NCT04610008,Cardiff and Vale University Health Board,
NCT05539508,University Hospital Grenoble,
NCT02174991,New York Glaucoma Research Institute,
NCT05564091,Nova Eye Inc.,Nova Eye Medical GmbH
NCT01564108,Moorfields Eye Hospital NHS Foundation Trust,Novartis
NCT05115708,Mansoura University,
NCT01719809,Robin Alan L. M.D.,
NCT01188291,Carmel Medical Center,
NCT01262209,Lawson Health Research Institute,Pfizer
NCT01227291,Sylentis S.A.,
NCT04495491,Zhongshan Ophthalmic Center Sun Yat-sen University,
NCT04630808,Nicox Ophthalmics Inc.,
NCT01291108,Allergan,
NCT02828891,University of Miami,
NCT02765308,Guy's and St Thomas' NHS Foundation Trust,
NCT00966108,Sensimed AG,
NCT01881126,Allergan,
NCT04622605,Asian Eye Institute,Ivantis Inc.
NCT02988752,Clinica Oftamologica Zona Sul,
NCT05690152,Andrew Pouw MD,
NCT01687426,Eye Therapies LLC,
NCT04342052,Sun Yat-sen University,
NCT05626426,Stanford University,NYU Langone Health
NCT05626426,Stanford University,Otto-von-Guericke University Magdeburg
NCT03965052,Laboratorios Sophia S.A de C.V.,
NCT02531152,Sanofi,
NCT05231252,Kafrelsheikh University,
NCT02622191,Wills Eye,
NCT01020071,National University Hospital Singapore,
NCT02121171,National Centre of Ophthalmology named after academician Zarifa Aliyeva,Aeon Astron Europe B.V.
NCT00076271,National Eye Institute (NEI),
NCT01051739,VA Office of Research and Development,
NCT01284439,Mahidol University,
NCT02612571,Wills Eye,
NCT00867971,Assaf-Harofeh Medical Center,
NCT01461291,Glaukos Corporation,
NCT05236439,Ciliatech,
NCT03529591,Western University Canada,
NCT05583591,Diablo Eye Associates,Alcon Research
NCT00347191,Aston University,
NCT01064505,Quark Pharmaceuticals,
NCT05160805,ONL Therapeutics,
NCT01300949,Wills Eye,Pfizer
NCT04161963,University of Zurich,
NCT00230763,Pfizer's Upjohn has merged with Mylan to form Viatris Inc.,
NCT01384149,Meir Medical Center,
NCT04761705,JeniVision Inc.,
NCT02653963,Shahid Beheshti University of Medical Sciences,
NCT01802463,Universitaire Ziekenhuizen KU Leuven,
NCT00000149,National Eye Institute (NEI),
NCT03318549,Duke University,
NCT02972749,Wolfson Medical Center,
NCT05044793,Sight Sciences Inc.,
NCT06030193,Qlaris Bio Inc.,
NCT01281020,Aristotle University Of Thessaloniki,Pfizer
NCT01114893,Alcon Research,
NCT01297920,Alcon Research,
NCT04024293,Sensimed AG,
NCT02006693,AqueSys Inc.,
NCT03478293,Glaukos Corporation,
NCT00772993,Yonsei University,
NCT04245163,Cyprus University of Technology,
NCT01931904,Oregon Health and Science University,National Eye Institute (NEI)
NCT00108017,Merck Sharp & Dohme LLC,
NCT02154217,University of Milan,
NCT01774227,Prince of Songkla University,
NCT04075227,Wannisa Suphachearabhan,Srinakharinwirot University
NCT02873806,Glaukos Corporation,
NCT05352906,Benha University,
NCT00761709,Alcon Research,
NCT02624427,University of Zurich,
NCT05338606,AbbVie,
NCT05315206,Fondazione G.B. Bietti IRCCS,
NCT00047606,Alcon Research,
NCT01965106,Quark Pharmaceuticals,
NCT02914509,Ocular Therapeutix Inc.,
NCT04035239,Stanford University,
NCT05801471,Centervue SpA,
NCT05902871,BelkinVision,Singapore Eye Research Institute
NCT01493271,Hoffmann-La Roche,
NCT01087671,Santen Oy,
NCT01062971,Laboratorios Sophia S.A de C.V.,
NCT02730871,Alcon Research,
NCT02003391,Alcon Research,
NCT04747808,MediPrint Ophthalmics Inc.,
NCT01925391,University of Miami,
NCT01016691,Vistakon Pharmaceuticals,
NCT01191008,Pfizer's Upjohn has merged with Mylan to form Viatris Inc.,
NCT00687791,Pro Top & Mediking Company Limited,
NCT02179008,Santen Inc.,
NCT00596791,Santen Oy,
NCT02658071,University Hospital Brest,Sensimed AG
NCT04037917,CorNeat Vision Ltd.,
NCT03558126,yin ying zhao,
NCT00972426,Taiwan Otsuka Pharm. Co. Ltd,
NCT02801617,Laboratorios Sophia S.A de C.V.,
NCT00382226,Alcon Research,
NCT05159817,Ciliatech,
NCT01319617,Sensimed AG,
NCT00878917,Alfred E. Tiefenbacher (GmbH & Co. KG),
NCT00707226,Medical University of Vienna,
NCT02914626,LEANDRO CABRAL ZACHARIAS,Novartis
NCT00347126,Singapore National Eye Centre,
NCT00262626,Dalhousie University,Pfizer
NCT00262626,Dalhousie University,Merck Frosst Canada Ltd.
NCT00262626,Dalhousie University,Allergan
NCT00262626,Dalhousie University,Glaucoma Research Society of Canada
NCT00262626,Dalhousie University,Canadian National Institute for the Blind
NCT02891317,University of North Carolina Chapel Hill,American Glaucoma Society
NCT02891317,University of North Carolina Chapel Hill,National Eye Institute (NEI)
NCT03567226,Johns Hopkins University,Wenzhou Medical University
NCT05973617,Aston University,Sandwell & West Birmingham Hospitals NHS Trust
NCT04515017,Zhongshan Ophthalmic Center Sun Yat-sen University,
NCT01864317,Medical University of Vienna,
NCT03612817,Aristotle University Of Thessaloniki,Santen Oy
NCT00691717,Alcon Research,
NCT01027039,Wills Eye,
NCT01351779,University of Toronto,Sensimed AG
NCT04719871,University Hospital Montpellier,
NCT00691639,Alcon Research,
NCT01330979,Aerie Pharmaceuticals,
NCT04005079,Montefiore Medical Center,
NCT01539239,Ivantis Inc.,
NCT00759239,Alcon Research,
NCT04846179,Nova Scotia Health Authority,
NCT01664039,Alcon Research,
NCT01303939,Wills Eye,
NCT01711879,University of Colorado Denver,
NCT01390779,Sensimed AG,
NCT00657579,Santen Pharmaceutical Co. Ltd.,
NCT00466479,University of Parma,
NCT01060579,Aerie Pharmaceuticals,
NCT04220879,Zhongshan Ophthalmic Center Sun Yat-sen University,
NCT00326079,Glaukos Corporation,
NCT00570479,Texas Retina Associates,Alcon Research
NCT02656979,Umeå University,
NCT02097979,Maisonneuve-Rosemont Hospital,Pfizer
NCT04452279,Vance Thompson Vision,
NCT04709679,State University of New York at Buffalo,IRIDEX Corporation
NCT03047239,Sensimed AG,
NCT01868126,Santen Inc.,
NCT00539526,Allergan,
NCT01742104,Mario Negri Institute for Pharmacological Research,
NCT02609204,Wills Eye,
NCT01151904,Allergan,
NCT00855517,Mati Therapeutics Inc.,
NCT04596826,Medical University of Vienna,
NCT01369771,FinnMedi Oy,Tampere University
NCT01369771,FinnMedi Oy,The Laboratory and Pharmacy Public Utility of the Pirkanmaa Hospital District
NCT01658839,Alcon Research,
NCT02627339,Wills Eye,Partridge Foundation
NCT03210571,Rheon Medical SA,
NCT00314171,Alcon Research,
NCT05232539,Somich s.r.o.,Vascular surgery University hospital Královské Vinohrady Prague
NCT00760539,Alcon Research,
NCT02659709,Wills Eye,
NCT00804063,University Hospital Basel Switzerland,Kantonsspital Baselland Bruderholz
NCT00735449,Allergan,
NCT04899063,Elios Vision Inc.,
NCT05895617,Occuity Limited,City University of London
NCT05895617,Occuity Limited,Moorfields Eye Hospital NHS Foundation Trust
NCT00168363,Allergan,
NCT01210963,Sensimed AG,
NCT05900063,Fondation Hôpital Saint-Joseph,
NCT02396316,Bayer,Regeneron Pharmaceuticals
NCT05432245,iSTAR Medical,
NCT04609345,Santen Pharma Malaysia Sdn Bhd,
NCT02639845,Alexander Eaton,California Retina Consultants
NCT02639845,Alexander Eaton,Konowal Vision Center
NCT02639845,Alexander Eaton,Southwest Florida Eye Care
NCT00698945,Bp Consulting Inc,
NCT01064817,Hoffmann-La Roche,
NCT00751049,Pfizer's Upjohn has merged with Mylan to form Viatris Inc.,
NCT05446363,University Hospital Olomouc,Palacky University
NCT01254149,University of Nebraska,
NCT00333463,Alcon Research,Johns Hopkins University
NCT00333463,Alcon Research,University of Pennsylvania
NCT00376363,University of Miami,Research to Prevent Blindness
NCT00376363,University of Miami,National Eye Institute (NEI)
NCT01633775,Vanak Eye Surgery Center,
NCT03419975,Taejoon Pharmaceutical Co. Ltd.,
NCT03626675,Assiut University,
NCT00168350,Allergan,
NCT02102750,Santen Oy,
NCT01370850,Optovue,
NCT00334750,Pfizer's Upjohn has merged with Mylan to form Viatris Inc.,
NCT00332345,Allergan,
NCT01560975,Sensimed AG,
NCT03868254,Allergan,
NCT05575154,Assiut University,
NCT01297803,Shahid Beheshti University of Medical Sciences,
NCT01126203,University of Calgary,Canadian Glaucoma Clinical Research Council
NCT03850054,Odense University Hospital,
NCT03748654,Brennan Eadie,
NCT04682054,The First Affiliated Hospital with Nanjing Medical University,
NCT02144103,Central Clinical Hospital w/Outpatient Health Center of Business Administration for the President of Russian Federation,
NCT04888156,St. Erik Eye Hospital,
NCT00651859,Allergan,
NCT02235454,Duke University,
NCT04615403,Glaukos Corporation,
NCT01162603,Azienda Socio Sanitaria Territoriale degli Spedali Civili di Brescia,Aristotle University Of Thessaloniki
NCT02600403,Wills Eye,
NCT05130554,Zhongshan Ophthalmic Center Sun Yat-sen University,Allergan
NCT02313259,CHU de Quebec-Universite Laval,
NCT03822559,Santen Pharmaceutical Co. Ltd.,
NCT01209975,University of Toronto,University of Western Ontario Canada
NCT05352854,Yune Zhao,
NCT00912054,Alcon Research,
NCT02585375,Medical University of Vienna,
NCT02057575,Aerie Pharmaceuticals,
NCT02868190,Glaukos Corporation,
NCT05542290,Beijing Tongren Hospital,
NCT00719290,Guy's and St Thomas' NHS Foundation Trust,
NCT01920867,MD Stem Cells,
NCT05605743,Cairo University,
NCT00825890,Kim's Eye Hospital,
NCT02448875,Transcend Medical Inc.,
NCT00047554,Alcon Research,
NCT00893490,Shahid Beheshti University of Medical Sciences,
NCT00538590,Pro Top & Mediking Company Limited,
NCT01023997,Aristotle University Of Thessaloniki,
NCT02764697,Tampa Bay Uveitis Center LLC,Mallinckrodt
NCT05150197,Duke University,
NCT03131167,Shire,
NCT01455467,Glaukos Corporation,
NCT04944290,Padagis LLC,
NCT02014597,Benjamin Frankfort MD PhD,
NCT02839590,Guy's and St Thomas' NHS Foundation Trust,
NCT01243567,Allergan,
NCT04703959,University Hospital Grenoble,
NCT05400759,George Papanicolaou Hospital,
NCT01580254,University of Catanzaro,
NCT03201354,Institut Catala de Retina,Gregorio Marañón Hospital
NCT03201354,Institut Catala de Retina,Clinica Universidad de Navarra Universidad de Navarra
NCT03201354,Institut Catala de Retina,Hospital Vall d'Hebron
NCT03201354,Institut Catala de Retina, Universitario Ramon y Cajal
NCT03201354,Institut Catala de Retina,Hospital San Eloy
NCT03201354,Institut Catala de Retina,Hospital del Mar
NCT00739154,Rabin Medical Center,
NCT05673954,Peking University,
NCT04164459,Taejoon Pharmaceutical Co. Ltd.,
NCT02674854,Aerie Pharmaceuticals,
NCT04670575,Vance Thompson Vision,
NCT00792259,Topcon Medical Systems Inc.,
NCT05593354,Imperial College Healthcare NHS Trust,IRIDEX Corporation
NCT00798759,Alcon Research,
NCT03114059,Dietrich-Bonhoeffer-Klinikum,
NCT00716859,Pfizer's Upjohn has merged with Mylan to form Viatris Inc.,
NCT02617459,Zhaoke (Guangzhou) Ophthalmology Pharmaceutical Ltd.,
NCT01166659,Transcend Medical Inc.,
NCT04619654,Vold Vision P.L.L.C,Alcon Research
NCT02042703,Duke University,
NCT00957190,Maisonneuve-Rosemont Hospital,Merck Sharp & Dohme LLC
NCT04454190,Duke University,Genentech Inc.
NCT04709497,Mansoura University,
NCT00800267,Pfizer's Upjohn has merged with Mylan to form Viatris Inc.,
NCT00620256,Alcon Research,
NCT04003090,Istituto di Ricerca Neuroftalmologia S.r.l.,Fondazione G.B. Bietti IRCCS
NCT01711190,Universitaire Ziekenhuizen KU Leuven,
NCT02444767,ForSight Vision5 Inc.,
NCT05165290,TearClear Corp,
NCT00478790,Pro Top & Mediking Company Limited,
NCT00950690,Pfizer's Upjohn has merged with Mylan to form Viatris Inc.,
NCT01957267,Oregon Health and Science University,National Eye Institute (NEI)
NCT03657797,Nicox Ophthalmics Inc.,
NCT04503590,Sanoculis Ltd,
NCT04303897,Allergan,
NCT03016156,St. Jude Children's Research Hospital,
NCT04503356,Centre of Postgraduate Medical Education,
NCT02328456,Congdon Nathan,Orbis
NCT00465803,Alcon Research,
NCT02526654,Wills Eye,
NCT01312454,Alcon Research,
NCT05498103,University of Colorado Denver,
NCT01159756,Alcon Research,
NCT01886456,University of Zurich,
NCT01922154,Siriraj Hospital,
NCT00343603,University of Pittsburgh,National Eye Institute (NEI)
NCT01883856,Peter Netland MD,New World Medical Inc.
NCT05875090,Centro Hospitalar Universitário Lisboa Norte,Unidade Local de Saúde do Alto Minho
NCT05875090,Centro Hospitalar Universitário Lisboa Norte,ACES Lisboa Norte
NCT05875090,Centro Hospitalar Universitário Lisboa Norte,Equipa Regional dos Programas de Rastreio da Região de Saúde de Lisboa e Vale do Tejo
NCT05875090,Centro Hospitalar Universitário Lisboa Norte,ACES Alto Minho
NCT05898997,National Taiwan University Hospital,
NCT02846090,Cairo University,
NCT01456390,Glaukos Corporation,
NCT02744690,University of California San Francisco,Menelik II Hospital
NCT03076697,University of Michigan,Washington University School of Medicine
NCT03076697,University of Michigan,University of California Berkeley
NCT02355990,Sanoculis Ltd,
NCT05674890,Andrew Pouw MD,
NCT01111890,Alcon Research,
NCT00928590,Alcon Research,
NCT06045390,University of California San Francisco,
NCT00701597,Medical University of Vienna,
NCT00854256,University of Cologne,iScience Interventional Corporation
NCT03220490,Sheba Medical Center,
NCT04931290,Mansoura University,
NCT02054403,Maastricht University Medical Center,
NCT00061503,Alcon Research,
NCT00320203,Alcon Research,
NCT05136950,Zhongshan Ophthalmic Center Sun Yat-sen University,
NCT00047515,Alcon Research,
NCT01840215,Universitaire Ziekenhuizen KU Leuven,
NCT01818115,Ivantis Inc.,
NCT02287545,Technische Universität Dresden,
NCT04593745,Rabin Medical Center,
NCT00051168,Alcon Research,
NCT02231515,University Hospital Geneva,
NCT02647515,Ruijin Hospital,Ningbo University
NCT04671550,Università degli Studi dell'Insubria,
NCT02855450,Dompé Farmaceutici S.p.A,Cromsource
NCT04116450,Minia University,
NCT03488550,Annexon Inc.,
NCT01733550,Universitaire Ziekenhuizen KU Leuven,
NCT01677507,University of Michigan,University of Nebraska
NCT01677507,University of Michigan,Mayo Clinic
NCT01677507,University of Michigan,National Eye Institute (NEI)
NCT00453024,National University Hospital Singapore,
NCT01025024,Chungnam National University,Korea Healthcare Technology R&D Project
NCT01025024,Chungnam National University,Korea Healthcare Technology R&D Project
NCT01898624,Astellas Pharma Inc,
NCT00551395,Queen's University,
NCT02655432,Université de Montréal,
NCT06144918,Skye Bioscience Inc.,
NCT05506423,Iantrek Inc.,
NCT05039684,Instituto Universitario de Oftalmobiología Aplicada (Institute of Applied Ophthalmobiology) - IOBA,Hospital Clínico Universitario de Valladolid
NCT01887223,University of Sao Paulo General Hospital,
NCT01087684,Sunnybrook Health Sciences Centre,
NCT01840202,Universitaire Ziekenhuizen KU Leuven,
NCT00940823,Credit Valley EyeCare,Glaucoma Research Society of Canada
NCT05231928,Fayoum University,
NCT03584958,Wills Eye,Allergan
NCT03584958,Wills Eye,The American Society of Cataract and Refractive Surgery Foundation
NCT01105923,Brigham and Women's Hospital,
NCT00323284,Glaukos Corporation,
NCT00332384,Allergan,
NCT00444184,Aristotle University Of Thessaloniki,Alcon Research
NCT01430923,Aurolab,
NCT01417858,Universidade Federal do Paraná,
NCT03423758,Medical University of Vienna,
NCT04602923,Centre hospitalier de l'Université de Montréal (CHUM),Allergan
NCT02390284,University of Miami,National Eye Institute (NEI)
NCT03912584,Optos PLC,
NCT00494923,University of Erlangen-Nürnberg Medical School,German Research Foundation
NCT01507584,University of California San Diego,
NCT04037384,University of Magdeburg,
NCT01230736,Alcon Research,
NCT00848536,Alcon Research,
NCT00527501,Alcon Research,
NCT00559234,National Eye Institute (NEI),
NCT05503901,Santen Pharmaceutical Co. Ltd.,
NCT01849536,University Hospital Bordeaux,
NCT00332436,Allergan,
NCT04205201,Chittagong Medical College,
NCT03651336,Implandata Ophthalmic Products GmbH,
NCT05253534,Glaucot Teknoloji Anonim Sirketi,
NCT04784234,Wills Eye,Guardian Health Sciences Inc.
NCT04038034,VISUfarma SpA,
NCT05536401,Optos PLC,
NCT04735601,Sohag University,
NCT04285580,AbbVie,
NCT01896180,Alleanza Pharmaceuticals Inc.,
NCT04947124,Qlaris Bio Inc.,
NCT05147701,The Foundation for Orthopaedics and Regenerative Medicine,
NCT03338101,Instituto de Olhos de Goiania,
NCT01879501,Singapore Eye Research Institute,Ministry of Health Singapore
NCT01879501,Singapore Eye Research Institute,University of Melbourne
NCT01879501,Singapore Eye Research Institute,Singapore National Eye Centre
NCT01879501,Singapore Eye Research Institute,Curtin University
NCT02050880,Nidek Co. LTD.,
NCT05703724,Universitaire Ziekenhuizen KU Leuven,Santen Oy
NCT01628601,Allergan,
NCT04132401,Fundacio d'Investigacio en Atencio Primaria Jordi Gol i Gurina,OPTretina
NCT04132401,Fundacio d'Investigacio en Atencio Primaria Jordi Gol i Gurina,Institut Català de la Salut
NCT04132401,Fundacio d'Investigacio en Atencio Primaria Jordi Gol i Gurina,Department of Health Generalitat de Catalunya
NCT05269680,iSTAR Medical,
NCT04448080,University of Zurich,
NCT06174324,Klinikum Klagenfurt am Wörthersee,Medical University of Graz
NCT00443924,Merck Sharp & Dohme LLC,
NCT03750201,BelkinVision,European Commission
NCT03750201,BelkinVision,Universita degli Studi di Genova
NCT03750201,BelkinVision,Queen's University Belfast
NCT03750201,BelkinVision,Moorfields Eye Hospital NHS Foundation Trust
NCT00327301,University Hospital Basel Switzerland,University of Bonn
NCT06000280,Universidade Federal de Goias,
NCT03310580,Aerie Pharmaceuticals,
NCT00644280,University of California San Francisco,Genentech Inc.
NCT01561001,Sensimed AG,Clinique Monchoisi
NCT03086980,Lawson Health Research Institute,
NCT02875158,CHU de Quebec-Universite Laval,
NCT00221923,University of California San Diego,National Eye Institute (NEI)
NCT01170884,Allergan,
NCT01391078,Katrin Lorenz,Sensimed AG
NCT04553523,Alcon Research,
NCT02339584,Alcon Research,
NCT03931564,Maastricht University Medical Center,ZonMw: The Netherlands Organisation for Health Research and Development
NCT02917564,Sunnybrook Health Sciences Centre,
NCT03624361,iSTAR Medical,
NCT03274323,Johns Hopkins University,
NCT04530084,Mark Gallardo MD,
NCT04088084,IRCCS Policlinico S. Matteo,
NCT00801658,University of Zurich,Ellex Medical Pty 82 Gilbert Str. Adelaide SA 5000
NCT02199158,Instituto de Oftalmología Fundación Conde de Valenciana,
NCT01052558,Glaukos Corporation,
NCT02405884,VER Excelência em Oftalmologia,
NCT01779284,Aristotle University Of Thessaloniki,
NCT00847158,University of Turin Italy,
NCT04878458,Sun Yat-sen University,The Second Affiliated Hospital of Harbin Medical University
NCT04878458,Sun Yat-sen University,West China Hospital
NCT04878458,Sun Yat-sen University,First Hospital of Shijiazhuang City
NCT04878458,Sun Yat-sen University,Union hospital of Fujian Medical University
NCT04878458,Sun Yat-sen University,Shanghai General Hospital Shanghai Jiao Tong University School of Medicine
NCT04878458,Sun Yat-sen University,Handan City Eye Hospital
NCT04878458,Sun Yat-sen University,Chongqing Medical University
NCT04060758,PolyActiva Pty Ltd,
NCT06139523,Duke University,
NCT00348023,Innovative Medical,
NCT01654484,Santen Inc.,
NCT02177123,InnFocus Inc.,
NCT06158984,He Eye Hospital,
NCT05844384,59th Medical Wing,Nanodropper Inc.
NCT03804684,Wills Eye,Olleyes Inc.
NCT02045823,Topcon Medical Systems Inc.,
NCT02247284,University of Zurich,
NCT00756184,Aristotle University Of Thessaloniki,Alcon Research
NCT03065036,Ivantis Inc.,
NCT01514734,Alcon Research,
NCT00647101,Pfizer's Upjohn has merged with Mylan to form Viatris Inc.,
NCT02901236,Athens Vision Eye Institute,
NCT02858284,EyeSonix,
NCT03267134,Ivantis Inc.,
NCT01037036,Mati Therapeutics Inc.,QLT Inc.
NCT02036541,AqueSys Inc.,Allergan
NCT05876936,University Hospital Geneva,
NCT04547036,Paracelsus Medical University,
NCT00397241,Aristotle University Of Thessaloniki,
NCT05871034,Sohag University,
NCT02003534,Allergan,
NCT01263834,Prince of Songkla University,
NCT05964634,Zhongshan Ophthalmic Center Sun Yat-sen University,
NCT00788541,Alcon Research,
NCT03551834,Shahid Beheshti University of Medical Sciences,
NCT00800540,Alcon Research,
NCT05426044,The University of Hong Kong,
NCT04447157,Second Affiliated Hospital School of Medicine Zhejiang University,
NCT04921098,Sohag University,
NCT00796198,University of Turin Italy,
NCT00972257,Aristotle University Of Thessaloniki,
NCT00449098,Pro Top & Mediking Company Limited,
NCT01145898,Indiana University,
NCT00306657,Kantonsspital Aarau,
NCT03052257,VA Office of Research and Development,
NCT06058598,Henner Hanssen,Universitaire Ziekenhuizen KU Leuven
NCT06058598,Henner Hanssen,University Hospital Basel Switzerland
NCT05151757,Queen's University Belfast,
NCT00428740,Yonsei University,
NCT05624398,Vold Vision P.L.L.C,Alcon Research
NCT03924544,Cairo University,University of Luebeck
NCT04172857,Wenzhou Medical University,
NCT02852057,University of Florida,
NCT02136940,Amakem NV,
NCT00326040,Glaukos Corporation,
NCT00284440,University Hospital Basel Switzerland,
NCT01444040,Glaukos Corporation,
NCT00452998,National University Hospital Singapore,
NCT01547598,Allergan,
NCT03949244,Icahn School of Medicine at Mount Sinai,
NCT02641457,Instituto de Olhos de Goiania,
NCT04499157,Centre Hospitalier Universitaire Amiens,
NCT00705757,Summa Health System,
NCT03255798,Glaukos Corporation,
NCT05581498,Johns Hopkins University,National Eye Institute (NEI)
NCT00332540,Allergan,
NCT02016898,Duke University,
NCT04337944,Centre hospitalier de l'Université de Montréal (CHUM),
NCT04994457,University of Miami,
NCT00369057,Weill Medical College of Cornell University,
NCT02053298,Universitaire Ziekenhuizen KU Leuven,
NCT01518244,Alcon Research,
NCT00691340,University Hospital Basel Switzerland,University Hospital Bonn
NCT04828057,Santen Pharmaceutical (Taiwan) Co. LTD,
NCT01177098,Allergan,
NCT00629044,Centre Hospitalier Universitaire Dijon,
NCT00803998,The New York Eye & Ear Infirmary,National Eye Institute (NEI)
NCT04624698,Glaukos Corporation,
NCT02743780,Alcon Research,Novartis Institute for BioMedical Research
NCT00683501,Danube Pharmaceuticals Inc.,
NCT05271734,BelkinVision,
NCT02526680,Wills Eye,
NCT02031380,Care Team Solutions,National Eye Institute (NEI)
NCT01976624,Allergan,
NCT00824824,Massachusetts Eye and Ear Infirmary,
NCT04673201,Mansoura University,
NCT00304824,University Hospital Basel Switzerland,
NCT02748824,Association for Innovation and Biomedical Research on Light and Image,
NCT00595101,Bausch & Lomb Incorporated,
NCT04770324,Ciliatech,
NCT01464424,Alcon Research,
NCT00911924,Glaukos Corporation,
NCT00515424,Novartis,
NCT01915680,Robert Ritch MD LLC.,
NCT01209624,Pfizer's Upjohn has merged with Mylan to form Viatris Inc.,
NCT01841580,Singapore National Eye Centre,
NCT00379834,West Virginia University,
NCT03868124,Glaukos Corporation,
NCT00478036,University of Colorado Denver,
NCT03164941,St. Joseph's Healthcare Hamilton,
NCT03274024,Singapore Eye Research Institute,National Medical Research Council (NMRC) Singapore
NCT00471380,Alcon Research,
NCT02863224,University of Plymouth,
NCT03057301,NHS Lothian,
NCT02594280,Diopsys Inc.,University of Pittsburgh
NCT00444080,University of Virginia,
NCT01668524,Altheos Inc.,
NCT05456724,Theratocular Biotek Co.,Novotech (Australia) Pty Limited
NCT01857440,Ohio State University,
NCT05710198,Omikron Italia S.r.l.,OPIS Spain
NCT02666144,Heidelberg Engineering GmbH,
NCT05401357,Amneal Pharmaceuticals LLC,CBCC Global Research
NCT00892398,Maisonneuve-Rosemont Hospital,Novartis
NCT00277498,Pfizer's Upjohn has merged with Mylan to form Viatris Inc.,
NCT01379144,Pfizer's Upjohn has merged with Mylan to form Viatris Inc.,
NCT01739244,Sylentis S.A.,
NCT00155857,National Taiwan University Hospital,
NCT04758598,BelkinVision,
NCT00694876,Robin Alan L. M.D.,
NCT01391676,Technische Universität Dresden,
NCT05747781,Centre Hospitalier National d'Ophtalmologie des Quinze-Vingts,
NCT01342081,Santen Pharmaceutical Co. Ltd.,
NCT03901781,Noveome Biotherapeutics formerly Stemnion,
NCT00767481,Alcon Research,PPD
NCT01022281,Aristotle University Of Thessaloniki,
NCT02548676,Medical University of Vienna,
NCT01097174,Transcend Medical Inc.,
NCT01442896,University of California San Diego,Genentech Inc.
NCT00382395,SOLX Inc.,
NCT05325996,Wills Eye,
NCT00329095,Robin Alan L. M.D.,
NCT00652496,Allergan,
NCT00219596,Pfizer's Upjohn has merged with Mylan to form Viatris Inc.,
NCT02290795,Universitaire Ziekenhuizen KU Leuven,
NCT00742196,Yonsei University,
NCT00457795,Allergan,
NCT01001195,Allergan,
NCT00757835,Aristotle University Of Thessaloniki,Alcon Research
NCT02829996,Inotek Pharmaceuticals Corporation,
NCT02754596,Glaukos Corporation,
NCT03610295,Zhongshan Ophthalmic Center Sun Yat-sen University,
NCT05583474,Otsuka Beijing Research Institute,
NCT00597181,Indiana University,Optonol
NCT00376974,Michael E. DeBakey VA Medical Center,Baylor College of Medicine
NCT04508881,Menoufia University,Mansoura University
NCT06000176,Omar Said,
NCT01707381,Bausch & Lomb Incorporated,
NCT05344274,University of Maryland Baltimore,
NCT00273481,Pharmaceutical Research Network,
NCT01099774,Allergan,
NCT02292381,Medical University of Vienna,
NCT02964676,Shanghai Eye Disease Prevention and Treatment Center,
NCT04486976,Tomey Corporation,
NCT02558374,Aerie Pharmaceuticals,
NCT02348476,Allergan,
NCT03159481,University of Alabama at Birmingham,
NCT04007276,Tulane University,
NCT00051181,Alcon Research,
NCT05773976,Montefarmaco OTC SpA,
NCT04360369,Reichert Inc.,
NCT00321035,Pro Top & Mediking Company Limited,
NCT02272569,iSTAR Medical,
NCT00874913,University Hospital Grenoble,
NCT03762369,Chong Kun Dang Pharmaceutical,
NCT01979913,Dr. Anton Hommer,
NCT03797469,Columbia University,
NCT00579969,University of Nebraska,
NCT03861169,Sight Sciences Inc.,
NCT05089474,New World Medical Inc.,
NCT01315574,Massachusetts Eye and Ear Infirmary,Alcon Research
NCT00324181,Chinese University of Hong Kong,
NCT05299281,Benha University,
NCT00822081,Bp Consulting Inc,Allergan
NCT00810381,Medical University of Vienna,
NCT03106181,Royal Victoria Eye and Ear Hospital,Glaukos Corporation
NCT03106181,Royal Victoria Eye and Ear Hospital,Centre for Eye Research Australia
NCT03904381,Wroclaw Medical University,Wrocław University of Science and Technology
NCT02674074,University Hospital Basel Switzerland,
NCT00441181,Federal University of São Paulo,
NCT02613013,Sun Yat-sen University,Beijing Tongren Hospital
NCT02613013,Sun Yat-sen University,Wenzhou Medical University
NCT02613013,Sun Yat-sen University,The Second Affiliated Hospital of Harbin Medical University
NCT02613013,Sun Yat-sen University,Huazhong University of Science and Technology
NCT02613013,Sun Yat-sen University, Third Hospital of HanDan
NCT02613013,Sun Yat-sen University,Third Affiliated Hospital of Third Military Medical University
NCT02613013,Sun Yat-sen University,Central South University
NCT02613013,Sun Yat-sen University,He University
NCT02613013,Sun Yat-sen University,Hebei Provincial Eye Hospital
NCT02358369,ForSight Vision5 Inc.,
NCT00546013,European Georges Pompidou Hospital,
NCT06176170,VividWhite Pty Ltd,
NCT02984813,The New York Eye & Ear Infirmary,
NCT02271269,Duke-NUS Graduate Medical School,Singapore National Eye Centre
NCT05500469,Oogziekenhuis Rotterdam,
NCT02394613,University College London,Wellcome Trust
NCT00947869,University of Erlangen-Nürnberg,
NCT05521334,Helwan University,
NCT02622334,Hoffmann-La Roche,
NCT03193736,iSTAR Medical,
NCT00572936,University of Nebraska,Pfizer
NCT05850936,Sun Yat-sen University,
NCT01789736,Aerie Pharmaceuticals,
NCT02656836,Queen's University Belfast,Belfast Health and Social Care Trust
NCT03333096,Turku University Hospital,Ocuspecto Oy
NCT03333096,Turku University Hospital,European Commission
NCT05606796,Uzoma Chinyei Joan,
NCT04972435,Siriraj Hospital,
NCT03304535,Wills Eye,
NCT00981435,Stanford University,University of Pittsburgh Medical Center
NCT00981435,Stanford University,Bascom Palmer Eye Institute
NCT03057496,Massachusetts Eye and Ear Infirmary,
NCT02167035,Cornerstone Health Care PA,Allergan
NCT01370135,University of Luebeck,
NCT03491735,Kasr El Aini Hospital,Sadguru Netra Chikitsalaya Post Graduate Institute Of Ophthalmology (New SNC)
NCT00941096,Larissa University Hospital,
NCT00424996,University Health Network Toronto,Glaucoma Research Society of Canada
NCT00347035,Federal University of São Paulo,
NCT03961035,Fondation Hôpital Saint-Joseph,
NCT01263535,Sensimed AG,University Hospital Geneva
NCT04620135,Aerie Pharmaceuticals,
NCT03292796,Julie Dawson,
NCT01110499,Allergan,
NCT00794170,Emory University,
NCT01937299,Alcon Research,
NCT01145911,Indiana University,
NCT01495299,University of California San Diego,
NCT05278299,The University of Hong Kong,
NCT00912470,Medical University of Vienna,
NCT01128699,Vanak Eye Surgery Center,
NCT00917670,St. Franziskus Hospital,University of Erlangen-Nürnberg Medical School
NCT00845299,Mati Therapeutics Inc.,
NCT00705770,Alcon Research,
NCT01833741,Allergan,
NCT00153699,Chinese University of Hong Kong,Hong Kong Eye Hospital
NCT00760240,Mid-Atlantic Glaucoma Experts,
NCT05411198,AbbVie,
NCT01915940,ForSight Vision5 Inc.,
NCT04187157,University of Pittsburgh,
NCT00320957,Pro Top & Mediking Company Limited,
NCT01085357,Transcend Medical Inc.,
NCT01021657,Centre Hospitalier Universitaire Dijon,
NCT02547740,Columbia University,National Eye Institute (NEI)
NCT04846140,The Hong Kong Polytechnic University,Chinese University of Hong Kong
NCT04846140,The Hong Kong Polytechnic University,The University of Hong Kong
NCT04846140,The Hong Kong Polytechnic University,University of Waterloo
NCT04846140,The Hong Kong Polytechnic University,Hong Kong Metropolitan University
NCT04846140,The Hong Kong Polytechnic University,Otto-von-Guericke University Magdeburg
NCT02805257,University of California San Francisco,Bascom Palmer Eye Institute
NCT02805257,University of California San Francisco,University of North Carolina
NCT02805257,University of California San Francisco,University of Colorado Denver
NCT02805257,University of California San Francisco,University of Maryland
NCT02805257,University of California San Francisco,Zhongshan Ophthalmic Center Sun Yat-sen University
NCT02805257,University of California San Francisco,Asociación para Evitar la Ceguera en México
NCT02805257,University of California San Francisco,Hospital Central Militar
NCT02805257,University of California San Francisco,Shri Ganesh Vinayak Eye Hospital
NCT02330978,University of Sao Paulo,Conselho Nacional de Desenvolvimento Científico e Tecnológico
NCT00804323,Asociación para Evitar la Ceguera en México,
NCT00435058,University of Sao Paulo,
NCT02295358,University of Colorado Denver,
NCT01655758,University of Parma,
NCT05874258,The Hong Kong Polytechnic University,The University of Hong Kong
NCT05874258,The Hong Kong Polytechnic University,University of Waterloo
NCT05874258,The Hong Kong Polytechnic University,University of Magdeburg
NCT05694858,Universiti Kebangsaan Malaysia Medical Centre,
NCT01254058,Unity Health Toronto,
NCT01058278,CHU de Quebec-Universite Laval,Canadian Glaucoma Clinical Research Council
NCT01058278,CHU de Quebec-Universite Laval,Pfizer
NCT00804102,Okuvision GmbH,
NCT03461978,Medical University of Vienna,
NCT00508469,Alcon Research,
NCT02727569,Moorfields Eye Hospital NHS Foundation Trust,
NCT03395535,Moorfields Eye Hospital NHS Foundation Trust,
NCT04052269,Imperial College London,
NCT03825380,Laboratoires Thea,
NCT05666440,Mansoura University,
NCT04541524,Medical University of Vienna,
NCT04416724,Jayme Vianna,Canadian Glaucoma Society
NCT04416724,Jayme Vianna,Glaucoma Research Society of Canada
NCT03752840,University of California San Francisco,Seva Foundation
NCT03752840,University of California San Francisco,Bharatpur Eye Hospital
NCT03752840,University of California San Francisco,Lumbini Eye Institute and Hospital
NCT01467440,University of Zurich,
NCT01546740,Ziv Hospital,
NCT00966940,Alcon Research,
NCT00331240,Aristotle University Of Thessaloniki,
NCT01830140,Allergan,
NCT01241240,Allergan,
NCT04061044,Ocular Therapeutix Inc.,
NCT01476644,Wills Eye,Merck Sharp & Dohme LLC
NCT03673644,University of Alabama at Birmingham,National Institute on Aging (NIA)
NCT05932940,Cairo University,
NCT01315340,Larissa University Hospital,University of Crete
NCT00656240,Santen Pharmaceutical Co. Ltd.,
NCT00742378,Yonsei University,
NCT06119178,Alcon Research,
NCT00864578,Sooft Italia,
NCT01779778,University of Colorado Denver,
NCT01223378,Bausch & Lomb Incorporated,
NCT02059278,Nephron Pharmaceuticals Corporation,
NCT02966678,University of Zurich,
NCT03365778,Wills Eye,
NCT02312544,Ocular Therapeutix Inc.,
NCT03330574,Swiss Vision Network,
NCT04360174,Ocular Therapeutix Inc.,
NCT01263444,Alcon Research,
NCT01293474,University of Zurich,
NCT00347841,Innovative Medical,
NCT00440141,Allergan,
NCT00986141,University of Kentucky,
NCT03011541,MD Stem Cells,
NCT00047541,Alcon Research,
NCT00759941,Alcon Research,
NCT01361841,Centre de recherche du Centre hospitalier universitaire de Sherbrooke,
NCT02955641,Sheba Medical Center,
NCT00430274,Selim Orguel,
NCT03684174,University of Zurich,
NCT01494974,Federal University of São Paulo,
NCT00966576,Alcon Research,
NCT04698876,University Hospital Muenster,Federal Joint Committee
NCT04698876,University Hospital Muenster,Bielefeld University
NCT04698876,University Hospital Muenster,Fraunhofer Institute for Applied Information Technology FIT
NCT04698876,University Hospital Muenster,KVWL
NCT04698876,University Hospital Muenster,BARMER
NCT04698876,University Hospital Muenster,DAK Gesundheit
NCT04698876,University Hospital Muenster,IKK
NCT04698876,University Hospital Muenster,AOK PLUS
NCT02945176,Implandata Ophthalmic Products GmbH,
NCT04149899,Whitecap Biosciences LLC,
NCT05394324,Johnson & Johnson Surgical Vision Inc.,
NCT03695224,Sun Yat-sen University,Chinese Academy of Sciences
NCT02152774,New York Glaucoma Research Institute,
NCT04500574,Massachusetts Eye and Ear Infirmary,Harvard University
NCT01170481,St. Franziskus Hospital,
NCT01743781,Sun Yat-sen University,Orbis
NCT01743781,Sun Yat-sen University,The World Diabetes Foundation
NCT01254370,Santen SAS,
NCT01228799,University Eye Hospital Würzburg,
NCT03875911,University of California Los Angeles,
NCT01912599,University of North Carolina Chapel Hill,Sensimed AG
NCT01474070,University of Zurich,
NCT02638181,Lv Yingjuan,
NCT04620876,Centre Hospitalier National d'Ophtalmologie des Quinze-Vingts,
NCT03480711,Rehab mahmoud abdelhamid mohamed,Cairo University
NCT05319470,Democritus University of Thrace,
NCT02754570,University of Colorado Denver,
NCT03257813,Laboratorios Sophia S.A de C.V.,
NCT01726569,Sun Yat-sen University,
NCT00643669,Alcon Research,
NCT03807869,Medical University of Bialystok,
NCT01426113,Allergan,
NCT03697811,Santen Inc.,
NCT03127813,Papworth Hospital NHS Foundation Trust,Hinchingbrooke Hospital NHS Trust
NCT00327613,University Hospital Basel Switzerland,
NCT01336569,Alcon Research,
NCT04430296,Cairo University,
NCT03480295,Fondazione G.B. Bietti IRCCS,
NCT00145535,SOLX Inc.,
NCT01641835,Heidelberg Engineering GmbH,
NCT01474135,Aerie Pharmaceuticals,
NCT04412096,Ohio State University,University of Nebraska
NCT04412096,Ohio State University,Mayo Clinic
NCT04412096,Ohio State University,National Eye Institute (NEI)
NCT01766596,Centre Hospitalier Universitaire Dijon,
NCT00825396,Chakshu Research Inc.,
NCT01503996,Technische Universität Dresden,
NCT01298635,Sun Yat-sen University,Guangdong Province Department of Science and Technology
NCT01298635,Sun Yat-sen University,Ministry of Science and Technology
NCT05277870,University of Washington,
NCT05938699,Nicox Ophthalmics Inc.,
NCT04381611,Dr. Kaweh Mansouri,
NCT05309811,Zhongshan Ophthalmic Center Sun Yat-sen University,
NCT02520674,Università degli Studi di Brescia,
NCT00000144,National Eye Institute (NEI),
NCT01489670,Allergan,
NCT03331770,Laboratorios Poen,
NCT01528111,Lexicon Pharmaceuticals,
NCT03624699,Dr. Kaweh Mansouri,Glaukos Corporation
NCT01314170,Adapt Produtos Oftalmológicos Ltda.,
NCT02385370,Shahid Beheshti University of Medical Sciences,
NCT00967811,Mati Therapeutics Inc.,
NCT03639870,Glaukos Corporation,
NCT02347670,Wills Eye,Partridge Foundation
NCT04654611,Tun Hussein Onn National Eye Hospital,
NCT00440011,Allergan,
NCT02105311,Prince of Songkla University,
NCT04334499,The University of Texas Medical Branch Galveston,
NCT01327599,Alcon Research,
NCT01594970,Allergan,
NCT02774811,University College London,Kisii Eye Hospital Kisii Kenya
NCT02774811,University College London,University of KwaZulu
NCT02982499,University of Miami,
NCT05283395,Aerie Pharmaceuticals,
NCT05135195,NYU Langone Health,
NCT02466399,Peregrine Ophthalmic,
NCT01540370,Allergan,
NCT05960513,Lawson Health Research Institute,
NCT05075369,University of Manitoba,
NCT03172299,Centre Hospitalier Universitaire de Nice,
NCT04133311,Santen SAS,
NCT00567411,Walter Reed Army Medical Center,
NCT05904613,Fondation Hôpital Saint-Joseph,
NCT01621841,University Hospital Bordeaux,Union National des Aveugles et DEficients Visuels
NCT01995136,Alcon Research,
NCT00440336,Advanced Glaucoma Specialists,Merck Sharp & Dohme LLC
NCT01415401,Alcon Research,
NCT03159780,Mingkai Lin,
NCT04572880,Medical University of Graz,
NCT04727411,Hospital Clinic of Barcelona,
NCT00863811,Sooft Italia,
NCT02642211,Robin Alan L. M.D.,
NCT05495269,Qlaris Bio Inc.,
NCT00554411,University of Colorado Denver,
NCT02067013,California Retina Consultants,
NCT00761995,Alcon Research,
NCT05024695,iSTAR Medical,
NCT02867995,Boston Medical Center,
NCT04972695,Instituto Universitario de Oftalmobiología Aplicada (Institute of Applied Ophthalmobiology) - IOBA,
NCT00279695,Weill Medical College of Cornell University,Riverside Research Institute
NCT00328835,Capital Vision Research Trust,
NCT00621335,DBYAN Medicine Professional Corporation,Allergan
NCT05786196,Nova Eye Inc.,Nova Eye Medical GmbH
NCT04427995,Iqbal Ahmed,OMNI Medical Services LLC
NCT02807935,Sheba Medical Center,
NCT04658095,Sight Sciences Inc, Null